dateTime,value,
1/1/2010 0:00, ,
1/1/2010 12:00,19,
1/2/2010 12:00,22.7,
1/3/2010 12:00,18.5,
1/4/2010 12:00,18.5,
1/5/2010 12:00,21.5,
1/6/2010 12:00,22.5,
1/7/2010 12:00,27.5,
1/8/2010 12:00,26.5,
1/9/2010 12:00,24.5,
1/10/2010 12:00,21.5,
1/11/2010 12:00,18,
1/12/2010 12:00,16,
1/13/2010 12:00,19,
1/14/2010 12:00,23,
1/15/2010 12:00,20.7,
1/16/2010 12:00,16.8,
1/17/2010 12:00,20.5,
1/18/2010 12:00,22.5,
1/19/2010 12:00,21.5,
1/20/2010 12:00,22,
1/21/2010 12:00,23,
1/22/2010 12:00,21,
1/23/2010 12:00,23,
1/24/2010 12:00,24,
1/25/2010 12:00,27,
1/26/2010 12:00,25,
1/27/2010 12:00,23,
1/28/2010 12:00,25,
1/29/2010 12:00,25,
1/30/2010 12:00,25,
1/31/2010 12:00,24,
2/1/2010 12:00,24,
2/2/2010 12:00,24,
2/3/2010 12:00,23.5,
2/4/2010 12:00,24,
2/5/2010 12:00,23,
2/6/2010 12:00,24,
2/7/2010 12:00,26,
2/8/2010 12:00,28,
2/9/2010 12:00,24,
2/10/2010 12:00,28,
2/11/2010 12:00,24,
2/12/2010 12:00,26.5,
2/13/2010 12:00,25,
2/14/2010 12:00,22,
2/15/2010 12:00,25,
2/16/2010 12:00,26,
2/17/2010 12:00,26,
2/18/2010 12:00,26,
2/19/2010 12:00,25,
2/20/2010 12:00,25,
2/21/2010 12:00,26,
2/22/2010 12:00,26,
2/23/2010 12:00,28,
2/24/2010 12:00,29,
2/25/2010 12:00,27,
2/26/2010 12:00,28,
2/27/2010 12:00,29,
2/28/2010 12:00,28,
3/1/2010 12:00,29,
3/2/2010 12:00,29,
3/3/2010 12:00,28,
3/4/2010 12:00,30,
3/5/2010 12:00,33.4,
3/6/2010 12:00,31,
3/7/2010 12:00,30,
3/8/2010 12:00,30.5,
3/9/2010 12:00,30,
3/10/2010 12:00,30,
3/11/2010 12:00,31,
3/12/2010 12:00,30.5,
3/13/2010 12:00,30.7,
3/14/2010 12:00,31.5,
3/15/2010 12:00,32.5,
3/16/2010 12:00,32.3,
3/17/2010 12:00,34.2,
3/18/2010 12:00,36,
3/19/2010 12:00,36.2,
3/20/2010 12:00,35.5,
3/21/2010 12:00,35,
3/22/2010 12:00,35.2,
3/23/2010 12:00,33.3,
3/24/2010 12:00,34.5,
3/25/2010 12:00,34.5,
3/26/2010 12:00,34.8,
3/27/2010 12:00,34.5,
3/28/2010 12:00,33.5,
3/29/2010 12:00,30.5,
3/30/2010 12:00,31.5,
3/31/2010 12:00,33.5,
4/1/2010 12:00,35.5,
4/2/2010 12:00,37.5,
4/3/2010 12:00,35.5,
4/4/2010 12:00,36.5,
4/5/2010 12:00,36.3,
4/6/2010 12:00,37.5,
4/7/2010 12:00,36.5,
4/8/2010 12:00,36,
4/9/2010 12:00,36.5,
4/10/2010 12:00,34,
4/11/2010 12:00,36,
4/12/2010 12:00,34,
4/13/2010 12:00,34.5,
4/14/2010 12:00,35.2,
4/15/2010 12:00,35.7,
4/16/2010 12:00,32.2,
4/17/2010 12:00,33.2,
4/18/2010 12:00,29.5,
4/19/2010 12:00,33.5,
4/20/2010 12:00,34.2,
4/21/2010 12:00,34.5,
4/22/2010 12:00,35,
4/23/2010 12:00,36,
4/24/2010 12:00,36,
4/25/2010 12:00,36,
4/26/2010 12:00,35,
4/27/2010 12:00,32,
4/28/2010 12:00,34,
4/29/2010 12:00,33,
4/30/2010 12:00,36,
5/1/2010 12:00,33.5,
5/2/2010 12:00,32.7,
5/3/2010 12:00,34.7,
5/4/2010 12:00,34.3,
5/5/2010 12:00,34,
5/6/2010 12:00,33.7,
5/7/2010 12:00,31.7,
5/8/2010 12:00,33.7,
5/9/2010 12:00,32.4,
5/10/2010 12:00,34,
5/11/2010 12:00,35,
5/12/2010 12:00,37.4,
5/13/2010 12:00,37.5,
5/14/2010 12:00,35.5,
5/15/2010 12:00,35,
5/16/2010 12:00,35.5,
5/17/2010 12:00,34,
5/18/2010 12:00,36,
5/19/2010 12:00,33,
5/20/2010 12:00,33,
5/21/2010 12:00,31.5,
5/22/2010 12:00,32.7,
5/23/2010 12:00,34.2,
5/24/2010 12:00,32,
5/25/2010 12:00,31,
5/26/2010 12:00,34,
5/27/2010 12:00,29.5,
5/28/2010 12:00,34,
5/29/2010 12:00,34.7,
5/30/2010 12:00,34.5,
5/31/2010 12:00,33.9,
6/1/2010 12:00,34,
6/2/2010 12:00,33,
6/3/2010 12:00,31,
6/4/2010 12:00,30,
6/5/2010 12:00,30.5,
6/6/2010 12:00,32.2,
6/7/2010 12:00,32.4,
6/8/2010 12:00,33,
6/9/2010 12:00,31.5,
6/10/2010 12:00,35,
6/11/2010 12:00,35,
6/12/2010 12:00,33.5,
6/13/2010 12:00,33,
6/14/2010 12:00,34,
6/15/2010 12:00,33,
6/16/2010 12:00,33,
6/17/2010 12:00,30,
6/18/2010 12:00,31,
6/19/2010 12:00,32,
6/20/2010 12:00,32.5,
6/21/2010 12:00,33,
6/22/2010 12:00,31.5,
6/23/2010 12:00,33,
6/24/2010 12:00,32,
6/25/2010 12:00,32.5,
6/26/2010 12:00,32,
6/27/2010 12:00,29,
6/28/2010 12:00,31.7,
6/29/2010 12:00,32,
6/30/2010 12:00,31,
7/1/2010 12:00,32,
7/2/2010 12:00,32.5,
7/3/2010 12:00,32.7,
7/4/2010 12:00,32.5,
7/5/2010 12:00,32.6,
7/6/2010 12:00,32.7,
7/7/2010 12:00,31,
7/8/2010 12:00,33,
7/9/2010 12:00,27,
7/10/2010 12:00,26.5,
7/11/2010 12:00,31,
7/12/2010 12:00,31,
7/13/2010 12:00,31.5,
7/14/2010 12:00,33,
7/15/2010 12:00,33.5,
7/16/2010 12:00,32,
7/17/2010 12:00,35.5,
7/18/2010 12:00,30,
7/19/2010 12:00,31,
7/20/2010 12:00,32,
7/21/2010 12:00,31,
7/22/2010 12:00,32,
7/23/2010 12:00,34,
7/24/2010 12:00,34,
7/25/2010 12:00,35,
7/26/2010 12:00,34,
7/27/2010 12:00,34,
7/28/2010 12:00,34,
7/29/2010 12:00,36,
7/30/2010 12:00,32,
7/31/2010 12:00,32,
8/1/2010 12:00,32,
8/2/2010 12:00,32,
8/3/2010 12:00,32,
8/4/2010 12:00,33.3,
8/5/2010 12:00,34.7,
8/6/2010 12:00,32,
8/7/2010 12:00,33,
8/8/2010 12:00,33,
8/9/2010 12:00,33,
8/10/2010 12:00,34,
8/11/2010 12:00,34,
8/12/2010 12:00,33,
8/13/2010 12:00,33,
8/14/2010 12:00,31,
8/15/2010 12:00,33,
8/16/2010 12:00,33,
8/17/2010 12:00,30.7,
8/18/2010 12:00,28,
8/19/2010 12:00,31,
8/20/2010 12:00,32,
8/21/2010 12:00,31,
8/22/2010 12:00,28.7,
8/23/2010 12:00,30.7,
8/24/2010 12:00,30.7,
8/25/2010 12:00,33,
8/26/2010 12:00,31,
8/27/2010 12:00,28,
8/28/2010 12:00,32.2,
8/29/2010 12:00,32,
8/30/2010 12:00,33,
8/31/2010 12:00,32,
9/1/2010 12:00,32.5,
9/2/2010 12:00,32,
9/3/2010 12:00,32,
9/4/2010 12:00,32,
9/5/2010 12:00,32,
9/6/2010 12:00,32.8,
9/7/2010 12:00,31,
9/8/2010 12:00,33,
9/9/2010 12:00,34,
9/10/2010 12:00,33,
9/11/2010 12:00,27.7,
9/12/2010 12:00,30.8,
9/13/2010 12:00,32,
9/14/2010 12:00,31,
9/15/2010 12:00,31.7,
9/16/2010 12:00,31.7,
9/17/2010 12:00,32.5,
9/18/2010 12:00,31,
9/19/2010 12:00,31,
9/20/2010 12:00,30.5,
9/21/2010 12:00,29,
9/22/2010 12:00,28.5,
9/23/2010 12:00,32,
9/24/2010 12:00,32,
9/25/2010 12:00,31,
9/26/2010 12:00,31,
9/27/2010 12:00,31,
9/28/2010 12:00,31,
9/29/2010 12:00,31,
9/30/2010 12:00,32,
10/1/2010 12:00,32.5,
10/2/2010 12:00,32.7,
10/3/2010 12:00,32,
10/4/2010 12:00,32,
10/5/2010 12:00,33,
10/6/2010 12:00,31,
10/7/2010 12:00,31,
10/8/2010 12:00,27,
10/9/2010 12:00,28,
10/10/2010 12:00,28,
10/11/2010 12:00,29,
10/12/2010 12:00,31,
10/13/2010 12:00,32,
10/14/2010 12:00,30.8,
10/15/2010 12:00,32,
10/16/2010 12:00,29.7,
10/17/2010 12:00,26,
10/18/2010 12:00,31.8,
10/19/2010 12:00,32.5,
10/20/2010 12:00,32.5,
10/21/2010 12:00,32.7,
10/22/2010 12:00,30,
10/23/2010 12:00,31.9,
10/24/2010 12:00,31.4,
10/25/2010 12:00,31,
10/26/2010 12:00,30.7,
10/27/2010 12:00,30.5,
10/28/2010 12:00,29.7,
10/29/2010 12:00,30,
10/30/2010 12:00,30,
10/31/2010 12:00,28,
11/1/2010 12:00,26,
11/2/2010 12:00,28.7,
11/3/2010 12:00,29.5,
11/4/2010 12:00,30.5,
11/5/2010 12:00,31,
11/6/2010 12:00,31.2,
11/7/2010 12:00,31,
11/8/2010 12:00,29.7,
11/9/2010 12:00,31.4,
11/10/2010 12:00,30.4,
11/11/2010 12:00,30.2,
11/12/2010 12:00,27.5,
11/13/2010 12:00,25.5,
11/14/2010 12:00,28.3,
11/15/2010 12:00,28.5,
11/16/2010 12:00,28.8,
11/17/2010 12:00,27.5,
11/18/2010 12:00,27.8,
11/19/2010 12:00,27.5,
11/20/2010 12:00,26.5,
11/21/2010 12:00,25,
11/22/2010 12:00,26,
11/23/2010 12:00,26.5,
11/24/2010 12:00,26,
11/25/2010 12:00,27,
11/26/2010 12:00,27.3,
11/27/2010 12:00,26.5,
11/28/2010 12:00,25.5,
11/29/2010 12:00,26.5,
11/30/2010 12:00,25,
12/1/2010 12:00,25,
12/2/2010 12:00,26,
12/3/2010 12:00,27,
12/4/2010 12:00,27,
12/5/2010 12:00,27.5,
12/6/2010 12:00,26.5,
12/7/2010 12:00,27,
12/8/2010 12:00,24.5,
12/9/2010 12:00,27,
12/10/2010 12:00,26,
12/11/2010 12:00,25,
12/12/2010 12:00,23,
12/13/2010 12:00,22,
12/14/2010 12:00,22.5,
12/15/2010 12:00,23,
12/16/2010 12:00,26,
12/17/2010 12:00,25,
12/18/2010 12:00,25,
12/19/2010 12:00,24,
12/20/2010 12:00,24,
12/21/2010 12:00,24,
12/22/2010 12:00,23,
12/23/2010 12:00,23,
12/24/2010 12:00,22,
12/25/2010 12:00,22,
12/26/2010 12:00,26,
12/27/2010 12:00,23,
12/28/2010 12:00,23,
12/29/2010 12:00,23.5,
12/30/2010 12:00,24,
12/31/2010 12:00,24.5,
1/1/2011 12:00,20.5,
1/2/2011 12:00,18.5,
1/3/2011 12:00,22.2,
1/4/2011 12:00,22.9,
1/5/2011 12:00,22.2,
1/6/2011 12:00,25.5,
1/7/2011 12:00,23,
1/8/2011 12:00,23.5,
1/9/2011 12:00,21.5,
1/10/2011 12:00,12.7,
1/11/2011 12:00,16.5,
1/12/2011 12:00,18.5,
1/13/2011 12:00,19.5,
1/14/2011 12:00,20,
1/15/2011 12:00,22.9,
1/16/2011 12:00,20,
1/17/2011 12:00,19.4,
1/18/2011 12:00,17.5,
1/19/2011 12:00,19,
1/20/2011 12:00,19,
1/21/2011 12:00,20.5,
1/22/2011 12:00,22.3,
1/23/2011 12:00,22,
1/24/2011 12:00,22,
1/25/2011 12:00,22.5,
1/26/2011 12:00,23,
1/27/2011 12:00,23,
1/28/2011 12:00,23.3,
1/29/2011 12:00,24.5,
1/30/2011 12:00,25.5,
1/31/2011 12:00,24.5,
2/1/2011 12:00,23,
2/2/2011 12:00,24.7,
2/3/2011 12:00,25.9,
2/4/2011 12:00,27.5,
2/5/2011 12:00,26.8,
2/6/2011 12:00,27.5,
2/7/2011 12:00,27.5,
2/8/2011 12:00,25.5,
2/9/2011 12:00,25.3,
2/10/2011 12:00,25,
2/11/2011 12:00,24.5,
2/12/2011 12:00,25.7,
2/13/2011 12:00,26,
2/14/2011 12:00,27.3,
2/15/2011 12:00,27.5,
2/16/2011 12:00,22,
2/17/2011 12:00,22,
2/18/2011 12:00,23.5,
2/19/2011 12:00,25.7,
2/20/2011 12:00,25.8,
2/21/2011 12:00,27,
2/22/2011 12:00,26.7,
2/23/2011 12:00,27.7,
2/24/2011 12:00,28.4,
2/25/2011 12:00,27.7,
2/26/2011 12:00,29.8,
2/27/2011 12:00,28.5,
2/28/2011 12:00,28.5,
3/1/2011 12:00,29,
3/2/2011 12:00,29.8,
3/3/2011 12:00,30,
3/4/2011 12:00,28.5,
3/5/2011 12:00,32.4,
3/6/2011 12:00,29.7,
3/7/2011 12:00,29.3,
3/8/2011 12:00,29.2,
3/9/2011 12:00,29.2,
3/10/2011 12:00,33,
3/11/2011 12:00,33.2,
3/12/2011 12:00,30.5,
3/13/2011 12:00,29.7,
3/14/2011 12:00,30.5,
3/15/2011 12:00,31.3,
3/16/2011 12:00,32.5,
3/17/2011 12:00,32.4,
3/18/2011 12:00,28,
3/19/2011 12:00,28.5,
3/20/2011 12:00,32,
3/21/2011 12:00,34,
3/22/2011 12:00,32.7,
3/23/2011 12:00,32.8,
3/24/2011 12:00,33.7,
3/25/2011 12:00,34.7,
3/26/2011 12:00,33.6,
3/27/2011 12:00,30.5,
3/28/2011 12:00,25,
3/29/2011 12:00,30.2,
3/30/2011 12:00,31,
3/31/2011 12:00,29,
4/1/2011 12:00,30,
4/2/2011 12:00,32,
4/3/2011 12:00,32.7,
4/4/2011 12:00,26.8,
4/5/2011 12:00,32,
4/6/2011 12:00,32.6,
4/7/2011 12:00,33,
4/8/2011 12:00,34,
4/9/2011 12:00,33.3,
4/10/2011 12:00,34.5,
4/11/2011 12:00,34,
4/12/2011 12:00,34.3,
4/13/2011 12:00,32.5,
4/14/2011 12:00,32,
4/15/2011 12:00,31,
4/16/2011 12:00,32.2,
4/17/2011 12:00,33,
4/18/2011 12:00,34.5,
4/19/2011 12:00,33.3,
4/20/2011 12:00,32.6,
4/21/2011 12:00,34.3,
4/22/2011 12:00,35,
4/23/2011 12:00,34.2,
4/24/2011 12:00,32.3,
4/25/2011 12:00,28.7,
4/26/2011 12:00,32.4,
4/27/2011 12:00,33.3,
4/28/2011 12:00,34.5,
4/29/2011 12:00,31.7,
4/30/2011 12:00,33.2,
5/1/2011 12:00,33.3,
5/2/2011 12:00,29.5,
5/3/2011 12:00,30.6,
5/4/2011 12:00,30,
5/5/2011 12:00,32.3,
5/6/2011 12:00,33,
5/7/2011 12:00,32.4,
5/8/2011 12:00,33.2,
5/9/2011 12:00,33,
5/10/2011 12:00,32,
5/11/2011 12:00,32,
5/12/2011 12:00,29.8,
5/13/2011 12:00,33,
5/14/2011 12:00,32.9,
5/15/2011 12:00,33.9,
5/16/2011 12:00,33,
5/17/2011 12:00,34.7,
5/18/2011 12:00,34.3,
5/19/2011 12:00,31.3,
5/20/2011 12:00,32.5,
5/21/2011 12:00,31.5,
5/22/2011 12:00,30.7,
5/23/2011 12:00,31,
5/24/2011 12:00,30.2,
5/25/2011 12:00,32.3,
5/26/2011 12:00,33.7,
5/27/2011 12:00,34.9,
5/28/2011 12:00,32,
5/29/2011 12:00,34.2,
5/30/2011 12:00,32.2,
5/31/2011 12:00,32.3,
6/1/2011 12:00,33.7,
6/2/2011 12:00,32.4,
6/3/2011 12:00,31.3,
6/4/2011 12:00,33.7,
6/5/2011 12:00,33.5,
6/6/2011 12:00,34,
6/7/2011 12:00,32.5,
6/8/2011 12:00,32.9,
6/9/2011 12:00,33.5,
6/10/2011 12:00,33.5,
6/11/2011 12:00,32.9,
6/12/2011 12:00,32.4,
6/13/2011 12:00,33.5,
6/14/2011 12:00,33,
6/15/2011 12:00,32.9,
6/16/2011 12:00,33.6,
6/17/2011 12:00,33.4,
6/18/2011 12:00,32.5,
6/19/2011 12:00,32.3,
6/20/2011 12:00,33.3,
6/21/2011 12:00,32.5,
6/22/2011 12:00,33.7,
6/23/2011 12:00,33.6,
6/24/2011 12:00,28.7,
6/25/2011 12:00,32.5,
6/26/2011 12:00,32.7,
6/27/2011 12:00,32.5,
6/28/2011 12:00,32,
6/29/2011 12:00,29.4,
6/30/2011 12:00,30.4,
7/1/2011 12:00,30.2,
7/2/2011 12:00,30.5,
7/3/2011 12:00,29.3,
7/4/2011 12:00,30.7,
7/5/2011 12:00,31.2,
7/6/2011 12:00,31,
7/7/2011 12:00,30.5,
7/8/2011 12:00,31.5,
7/9/2011 12:00,32,
7/10/2011 12:00,34.2,
7/11/2011 12:00,32.3,
7/12/2011 12:00,34.5,
7/13/2011 12:00,32.7,
7/14/2011 12:00,32.5,
7/15/2011 12:00,32,
7/16/2011 12:00,32.3,
7/17/2011 12:00,32,
7/18/2011 12:00,33.2,
7/19/2011 12:00,31.7,
7/20/2011 12:00,32.9,
7/21/2011 12:00,34,
7/22/2011 12:00,30.7,
7/23/2011 12:00,30.7,
7/24/2011 12:00,32.7,
7/25/2011 12:00,33.5,
7/26/2011 12:00,33.5,
7/27/2011 12:00,31.7,
7/28/2011 12:00,30.5,
7/29/2011 12:00,31.3,
7/30/2011 12:00,28.8,
7/31/2011 12:00,29.2,
8/1/2011 12:00,34.5,
8/2/2011 12:00,31.3,
8/3/2011 12:00,32.5,
8/4/2011 12:00,34,
8/5/2011 12:00,32.5,
8/6/2011 12:00,31.5,
8/7/2011 12:00,33,
8/8/2011 12:00,32.5,
8/9/2011 12:00,32.5,
8/10/2011 12:00,32.5,
8/11/2011 12:00,32,
8/12/2011 12:00,33,
8/13/2011 12:00,32,
8/14/2011 12:00,30.5,
8/15/2011 12:00,31,
8/16/2011 12:00,28.5,
8/17/2011 12:00,27,
8/18/2011 12:00,31.5,
8/19/2011 12:00,30.5,
8/20/2011 12:00,33.3,
8/21/2011 12:00,33.8,
8/22/2011 12:00,31.5,
8/23/2011 12:00,31.7,
8/24/2011 12:00,32.5,
8/25/2011 12:00,32.5,
8/26/2011 12:00,33,
8/27/2011 12:00,34.4,
8/28/2011 12:00,33.5,
8/29/2011 12:00,34.5,
8/30/2011 12:00,34.7,
8/31/2011 12:00,34.5,
9/1/2011 12:00,32.7,
9/2/2011 12:00,32,
9/3/2011 12:00,32.5,
9/4/2011 12:00,34.5,
9/5/2011 12:00,34.5,
9/6/2011 12:00,33.5,
9/7/2011 12:00,33.3,
9/8/2011 12:00,32,
9/9/2011 12:00,33.3,
9/10/2011 12:00,32,
9/11/2011 12:00,33,
9/12/2011 12:00,34.5,
9/13/2011 12:00,35,
9/14/2011 12:00,32.8,
9/15/2011 12:00,32.5,
9/16/2011 12:00,32.5,
9/17/2011 12:00,29.5,
9/18/2011 12:00,26.5,
9/19/2011 12:00,28,
9/20/2011 12:00,34,
9/21/2011 12:00,29.8,
9/22/2011 12:00,32.3,
9/23/2011 12:00,31,
9/24/2011 12:00,31.5,
9/25/2011 12:00,31,
9/26/2011 12:00,27.8,
9/27/2011 12:00,30.3,
9/28/2011 12:00,31.5,
9/29/2011 12:00,33,
9/30/2011 12:00,33.5,
10/1/2011 12:00,33.3,
10/2/2011 12:00,32.5,
10/3/2011 12:00,32.5,
10/4/2011 12:00,32,
10/5/2011 12:00,33,
10/6/2011 12:00,32.5,
10/7/2011 12:00,32.5,
10/8/2011 12:00,31,
10/9/2011 12:00,32.5,
10/10/2011 12:00,32.5,
10/11/2011 12:00,32.7,
10/12/2011 12:00,31.5,
10/13/2011 12:00,32,
10/14/2011 12:00,31.5,
10/15/2011 12:00,31.5,
10/16/2011 12:00,31.5,
10/17/2011 12:00,31,
10/18/2011 12:00,32,
10/19/2011 12:00,31.5,
10/20/2011 12:00,32,
10/21/2011 12:00,27.5,
10/22/2011 12:00,29.8,
10/23/2011 12:00,29.5,
10/24/2011 12:00,29.5,
10/25/2011 12:00,29.5,
10/26/2011 12:00,30.2,
10/27/2011 12:00,29.3,
10/28/2011 12:00,29.7,
10/29/2011 12:00,29.7,
10/30/2011 12:00,28.7,
10/31/2011 12:00,28.2,
11/1/2011 12:00,27.5,
11/2/2011 12:00,25,
11/3/2011 12:00,24.5,
11/4/2011 12:00,27.9,
11/5/2011 12:00,28,
11/6/2011 12:00,26,
11/7/2011 12:00,28.8,
11/8/2011 12:00,29.5,
11/9/2011 12:00,29.5,
11/10/2011 12:00,29,
11/11/2011 12:00,27.5,
11/12/2011 12:00,28,
11/13/2011 12:00,25,
11/14/2011 12:00,26.8,
11/15/2011 12:00,26.5,
11/16/2011 12:00,23.5,
11/17/2011 12:00,24.5,
11/18/2011 12:00,25.5,
11/19/2011 12:00,26.7,
11/20/2011 12:00,28,
11/21/2011 12:00,29.5,
11/22/2011 12:00,29,
11/23/2011 12:00,29,
11/24/2011 12:00,29.2,
11/25/2011 12:00,28.5,
11/26/2011 12:00,28.2,
11/27/2011 12:00,28.5,
11/28/2011 12:00,28,
11/29/2011 12:00,27,
11/30/2011 12:00,27,
12/1/2011 12:00,29,
12/2/2011 12:00,28.5,
12/3/2011 12:00,26.5,
12/4/2011 12:00,26.5,
12/5/2011 12:00,24.5,
12/6/2011 12:00,27.5,
12/7/2011 12:00,27.5,
12/8/2011 12:00,27.5,
12/9/2011 12:00,24.5,
12/10/2011 12:00,20.5,
12/11/2011 12:00,22.6,
12/12/2011 12:00,23.6,
12/13/2011 12:00,20,
12/14/2011 12:00,21,
12/15/2011 12:00,21,
12/16/2011 12:00,21.5,
12/17/2011 12:00,18.9,
12/18/2011 12:00,23,
12/19/2011 12:00,22.8,
12/20/2011 12:00,22,
12/21/2011 12:00,21,
12/22/2011 12:00,21.5,
12/23/2011 12:00,21,
12/24/2011 12:00,24,
12/25/2011 12:00,25.5,
12/26/2011 12:00,26.5,
12/27/2011 12:00,27.5,
12/28/2011 12:00,27.5,
12/29/2011 12:00,26.5,
12/30/2011 12:00,26.5,
12/31/2011 12:00,26.5,
1/1/2012 12:00,23,
1/2/2012 12:00,19,
1/3/2012 12:00,20.5,
1/4/2012 12:00,21.5,
1/5/2012 12:00,20.9,
1/6/2012 12:00,21.5,
1/7/2012 12:00,23.5,
1/8/2012 12:00,24.7,
1/9/2012 12:00,20.7,
1/10/2012 12:00,22.5,
1/11/2012 12:00,20.5,
1/12/2012 12:00,19.8,
1/13/2012 12:00,21,
1/14/2012 12:00,20.5,
1/15/2012 12:00,21.2,
1/16/2012 12:00,22.5,
1/17/2012 12:00,22,
1/18/2012 12:00,21.5,
1/19/2012 12:00,21,
1/20/2012 12:00,22.5,
1/21/2012 12:00,22,
1/22/2012 12:00,18.5,
1/23/2012 12:00,22,
1/24/2012 12:00,21.5,
1/25/2012 12:00,22.2,
1/26/2012 12:00,22,
1/27/2012 12:00,22,
1/28/2012 12:00,21.2,
1/29/2012 12:00,22,
1/30/2012 12:00,23,
1/31/2012 12:00,26,
2/1/2012 12:00,23.5,
2/2/2012 12:00,23.5,
2/3/2012 12:00,26,
2/4/2012 12:00,26,
2/5/2012 12:00,26,
2/6/2012 12:00,25.5,
2/7/2012 12:00,25,
2/8/2012 12:00,24,
2/9/2012 12:00,22.5,
2/10/2012 12:00,20.5,
2/11/2012 12:00,22.5,
2/12/2012 12:00,23,
2/13/2012 12:00,23.5,
2/14/2012 12:00,27,
2/15/2012 12:00,26.5,
2/16/2012 12:00,27.5,
2/17/2012 12:00,29,
2/18/2012 12:00,26,
2/19/2012 12:00,25.5,
2/20/2012 12:00,24.5,
2/21/2012 12:00,25.5,
2/22/2012 12:00,27,
2/23/2012 12:00,26.5,
2/24/2012 12:00,28,
2/25/2012 12:00,29.3,
2/26/2012 12:00,26.8,
2/27/2012 12:00,25.7,
2/28/2012 12:00,25.5,
2/29/2012 12:00,26.8,
3/1/2012 12:00,26.5,
3/2/2012 12:00,27,
3/3/2012 12:00,26.5,
3/4/2012 12:00,27,
3/5/2012 12:00,28,
3/6/2012 12:00,28.5,
3/7/2012 12:00,29.5,
3/8/2012 12:00,29,
3/9/2012 12:00,30,
3/10/2012 12:00,31,
3/11/2012 12:00,30.5,
3/12/2012 12:00,31,
3/13/2012 12:00,20.5,
3/14/2012 12:00,27,
3/15/2012 12:00,27.5,
3/16/2012 12:00,28.5,
3/17/2012 12:00,28,
3/18/2012 12:00,31,
3/19/2012 12:00,32,
3/20/2012 12:00,32.3,
3/21/2012 12:00,32,
3/22/2012 12:00,30,
3/23/2012 12:00,31,
3/24/2012 12:00,30.4,
3/25/2012 12:00,31.5,
3/26/2012 12:00,33,
3/27/2012 12:00,34,
3/28/2012 12:00,33.3,
3/29/2012 12:00,33.3,
3/30/2012 12:00,32.8,
3/31/2012 12:00,35.5,
4/1/2012 12:00,36.5,
4/2/2012 12:00,36.5,
4/3/2012 12:00,37,
4/4/2012 12:00,32.7,
4/5/2012 12:00,31,
4/6/2012 12:00,30.2,
4/7/2012 12:00,27.5,
4/8/2012 12:00,29.3,
4/9/2012 12:00,27.6,
4/10/2012 12:00,23,
4/11/2012 12:00,28.5,
4/12/2012 12:00,30.5,
4/13/2012 12:00,31.3,
4/14/2012 12:00,30.5,
4/15/2012 12:00,31.5,
4/16/2012 12:00,32,
4/17/2012 12:00,32.8,
4/18/2012 12:00,33.4,
4/19/2012 12:00,32.5,
4/20/2012 12:00,32,
4/21/2012 12:00,35.4,
4/22/2012 12:00,34.9,
4/23/2012 12:00,36.2,
4/24/2012 12:00,36.3,
4/25/2012 12:00,34.2,
4/26/2012 12:00,33.2,
4/27/2012 12:00,33.6,
4/28/2012 12:00,35.3,
4/29/2012 12:00,34.2,
4/30/2012 12:00,35.5,
5/1/2012 12:00,32.9,
5/2/2012 12:00,32.5,
5/3/2012 12:00,32.2,
5/4/2012 12:00,32.5,
5/5/2012 12:00,32.5,
5/6/2012 12:00,34.2,
5/7/2012 12:00,35.5,
5/8/2012 12:00,36.4,
5/9/2012 12:00,35.2,
5/10/2012 12:00,34.7,
5/11/2012 12:00,33.5,
5/12/2012 12:00,34.5,
5/13/2012 12:00,32.5,
5/14/2012 12:00,34.9,
5/15/2012 12:00,36,
5/16/2012 12:00,33.9,
5/17/2012 12:00,32.7,
5/18/2012 12:00,34.5,
5/19/2012 12:00,35.4,
5/20/2012 12:00,35.4,
5/21/2012 12:00,36.2,
5/22/2012 12:00,35.2,
5/23/2012 12:00,34.3,
5/24/2012 12:00,35.7,
5/25/2012 12:00,34.5,
5/26/2012 12:00,36,
5/27/2012 12:00,33.2,
5/28/2012 12:00,35.7,
5/29/2012 12:00,36.5,
5/30/2012 12:00,36,
5/31/2012 12:00,34.5,
6/1/2012 12:00,33.3,
6/2/2012 12:00,31,
6/3/2012 12:00,33.8,
6/4/2012 12:00,34.7,
6/5/2012 12:00,33,
6/6/2012 12:00,32.7,
6/7/2012 12:00,32.7,
6/8/2012 12:00,32.8,
6/9/2012 12:00,34.5,
6/10/2012 12:00,34,
6/11/2012 12:00,31.5,
6/12/2012 12:00,32,
6/13/2012 12:00,32.2,
6/14/2012 12:00,31.7,
6/15/2012 12:00,31.5,
6/16/2012 12:00,30.8,
6/17/2012 12:00,27.2,
6/18/2012 12:00,30.3,
6/19/2012 12:00,34.3,
6/20/2012 12:00,33.4,
6/21/2012 12:00,33.2,
6/22/2012 12:00,32.7,
6/23/2012 12:00,30.7,
6/24/2012 12:00,32.2,
6/25/2012 12:00,29.5,
6/26/2012 12:00,33.2,
6/27/2012 12:00,32.5,
6/28/2012 12:00,31,
6/29/2012 12:00,33,
6/30/2012 12:00,34.9,
7/1/2012 12:00,33,
7/2/2012 12:00,34.7,
7/3/2012 12:00,31.7,
7/4/2012 12:00,32.5,
7/5/2012 12:00,30.5,
7/6/2012 12:00,31,
7/7/2012 12:00,32.5,
7/8/2012 12:00,33.5,
7/9/2012 12:00,31.7,
7/10/2012 12:00,32.5,
7/11/2012 12:00,32.8,
7/12/2012 12:00,31.3,
7/13/2012 12:00,31,
7/14/2012 12:00,31.3,
7/15/2012 12:00,30.5,
7/16/2012 12:00,30.2,
7/17/2012 12:00,31,
7/18/2012 12:00,30,
7/19/2012 12:00,29.3,
7/20/2012 12:00,32,
7/21/2012 12:00,31.7,
7/22/2012 12:00,32.3,
7/23/2012 12:00,32.5,
7/24/2012 12:00,32,
7/25/2012 12:00,32,
7/26/2012 12:00,34,
7/27/2012 12:00,31,
7/28/2012 12:00,33.5,
7/29/2012 12:00,32.3,
7/30/2012 12:00,32.5,
7/31/2012 12:00,32,
8/1/2012 12:00,33,
8/2/2012 12:00,32.8,
8/3/2012 12:00,33,
8/4/2012 12:00,34.5,
8/5/2012 12:00,32.2,
8/6/2012 12:00,32.3,
8/7/2012 12:00,32.5,
8/8/2012 12:00,33.5,
8/9/2012 12:00,33.5,
8/10/2012 12:00,34.5,
8/11/2012 12:00,33.2,
8/12/2012 12:00,32.4,
8/13/2012 12:00,32.3,
8/14/2012 12:00,32.7,
8/15/2012 12:00,33.3,
8/16/2012 12:00,35.3,
8/17/2012 12:00,33.4,
8/18/2012 12:00,33,
8/19/2012 12:00,31.8,
8/20/2012 12:00,29.7,
8/21/2012 12:00,31.3,
8/22/2012 12:00,31,
8/23/2012 12:00,32.5,
8/24/2012 12:00,29.5,
8/25/2012 12:00,34.5,
8/26/2012 12:00,33.3,
8/27/2012 12:00,33.3,
8/28/2012 12:00,33.5,
8/29/2012 12:00,33.5,
8/30/2012 12:00,33.3,
8/31/2012 12:00,33.7,
9/1/2012 12:00,33,
9/2/2012 12:00,33.5,
9/3/2012 12:00,33.5,
9/4/2012 12:00,32.3,
9/5/2012 12:00,32.3,
9/6/2012 12:00,31,
9/7/2012 12:00,33.6,
9/8/2012 12:00,35.4,
9/9/2012 12:00,32.8,
9/10/2012 12:00,31.9,
9/11/2012 12:00,32,
9/12/2012 12:00,30.7,
9/13/2012 12:00,32.2,
9/14/2012 12:00,30.7,
9/15/2012 12:00,28.6,
9/16/2012 12:00,27.8,
9/17/2012 12:00,28,
9/18/2012 12:00,30.7,
9/19/2012 12:00,29.8,
9/20/2012 12:00,32,
9/21/2012 12:00,32,
9/22/2012 12:00,32.2,
9/23/2012 12:00,32,
9/24/2012 12:00,32,
9/25/2012 12:00,31.2,
9/26/2012 12:00,32.5,
9/27/2012 12:00,33,
9/28/2012 12:00,33.4,
9/29/2012 12:00,33.7,
9/30/2012 12:00,33,
10/1/2012 12:00,31.7,
10/2/2012 12:00,32.5,
10/3/2012 12:00,32.5,
10/4/2012 12:00,31.5,
10/5/2012 12:00,30.7,
10/6/2012 12:00,31.5,
10/7/2012 12:00,32.3,
10/8/2012 12:00,33,
10/9/2012 12:00,24.5,
10/10/2012 12:00,29.5,
10/11/2012 12:00,31.5,
10/12/2012 12:00,32,
10/13/2012 12:00,30.7,
10/14/2012 12:00,30.5,
10/15/2012 12:00,30.5,
10/16/2012 12:00,30.5,
10/17/2012 12:00,31,
10/18/2012 12:00,31.5,
10/19/2012 12:00,31,
10/20/2012 12:00,30.5,
10/21/2012 12:00,29.8,
10/22/2012 12:00,30.5,
10/23/2012 12:00,30.8,
10/24/2012 12:00,29.5,
10/25/2012 12:00,29.4,
10/26/2012 12:00,28.8,
10/27/2012 12:00,30.5,
10/28/2012 12:00,31,
10/29/2012 12:00,32,
10/30/2012 12:00,32,
10/31/2012 12:00,30.8,
11/1/2012 12:00,31.7,
11/2/2012 12:00,29,
11/3/2012 12:00,29.5,
11/4/2012 12:00,29.5,
11/5/2012 12:00,30,
11/6/2012 12:00,29.5,
11/7/2012 12:00,29.5,
11/8/2012 12:00,28,
11/9/2012 12:00,27.5,
11/10/2012 12:00,27.7,
11/11/2012 12:00,28,
11/12/2012 12:00,29,
11/13/2012 12:00,29.7,
11/14/2012 12:00,29.3,
11/15/2012 12:00,29,
11/16/2012 12:00,30.5,
11/17/2012 12:00,30.3,
11/18/2012 12:00,29.6,
11/19/2012 12:00,29,
11/20/2012 12:00,29,
11/21/2012 12:00,28,
11/22/2012 12:00,27.5,
11/23/2012 12:00,27.5,
11/24/2012 12:00,27.9,
11/25/2012 12:00,26,
11/26/2012 12:00,25.5,
11/27/2012 12:00,25.7,
11/28/2012 12:00,25,
11/29/2012 12:00,26.3,
11/30/2012 12:00,26.5,
12/1/2012 12:00,25.7,
12/2/2012 12:00,27,
12/3/2012 12:00,27.5,
12/4/2012 12:00,25.7,
12/5/2012 12:00,26,
12/6/2012 12:00,26.3,
12/7/2012 12:00,26.5,
12/8/2012 12:00,25.7,
12/9/2012 12:00,25,
12/10/2012 12:00,25,
12/11/2012 12:00,23.7,
12/12/2012 12:00,23.7,
12/13/2012 12:00,22,
12/14/2012 12:00,23.8,
12/15/2012 12:00,23.8,
12/16/2012 12:00,25.5,
12/17/2012 12:00,22.5,
12/18/2012 12:00,24.8,
12/19/2012 12:00,21.5,
12/20/2012 12:00,14.5,
12/21/2012 12:00,19,
12/22/2012 12:00,21,
12/23/2012 12:00,23.6,
12/24/2012 12:00,22.5,
12/25/2012 12:00,20.7,
12/26/2012 12:00,20.5,
12/27/2012 12:00,23.9,
12/31/2012 12:00,23.8,
1/1/2013 12:00,25.7,
1/2/2013 12:00,26.3,
1/3/2013 12:00,24.5,
1/4/2013 12:00,23,
1/5/2013 12:00,21,
1/6/2013 12:00,21.5,
1/7/2013 12:00,12.8,
1/8/2013 12:00,9,
1/9/2013 12:00,18.1,
1/10/2013 12:00,19.6,
1/11/2013 12:00,21.8,
1/12/2013 12:00,22.5,
1/13/2013 12:00,23.8,
1/14/2013 12:00,24.3,
1/15/2013 12:00,24.1,
1/16/2013 12:00,24.2,
1/17/2013 12:00,24.8,
1/18/2013 12:00,26.8,
1/19/2013 12:00,22.6,
1/20/2013 12:00,22.5,
1/21/2013 12:00,23,
1/22/2013 12:00,23.9,
1/23/2013 12:00,22.7,
1/24/2013 12:00,20.2,
1/25/2013 12:00,18.9,
1/26/2013 12:00,20.4,
1/27/2013 12:00,21.4,
1/28/2013 12:00,25.3,
1/29/2013 12:00,25.3,
1/30/2013 12:00,26.7,
1/31/2013 12:00,26.4,
2/1/2013 12:00,26.6,
2/2/2013 12:00,27.2,
2/3/2013 12:00,27.6,
2/4/2013 12:00,27.7,
2/5/2013 12:00,28.2,
2/6/2013 12:00,28,
2/7/2013 12:00,26.8,
2/8/2013 12:00,25.5,
2/9/2013 12:00,26.1,
2/10/2013 12:00,28.2,
2/11/2013 12:00,28.6,
2/12/2013 12:00,27.7,
2/13/2013 12:00,28.7,
2/14/2013 12:00,27.7,
2/15/2013 12:00,25,
2/16/2013 12:00,20.4,
2/17/2013 12:00,21.9,
2/18/2013 12:00,23.9,
2/19/2013 12:00,25.1,
2/20/2013 12:00,26.1,
2/21/2013 12:00,27.9,
2/22/2013 12:00,29.7,
2/23/2013 12:00,31,
2/24/2013 12:00,28.9,
2/25/2013 12:00,29.8,
2/26/2013 12:00,29.5,
2/27/2013 12:00,30.1,
2/28/2013 12:00,30.4,
3/1/2013 12:00,27.4,
3/2/2013 12:00,29.4,
3/3/2013 12:00,30.4,
3/4/2013 12:00,30.2,
3/5/2013 12:00,31.1,
3/6/2013 12:00,31.1,
3/7/2013 12:00,30.9,
3/8/2013 12:00,31.6,
3/9/2013 12:00,31.2,
3/10/2013 12:00,30.7,
3/11/2013 12:00,31.3,
3/12/2013 12:00,30.4,
3/13/2013 12:00,31.2,
3/14/2013 12:00,32.2,
3/15/2013 12:00,33.2,
3/16/2013 12:00,32.8,
3/17/2013 12:00,28.4,
3/18/2013 12:00,30,
3/19/2013 12:00,30.3,
3/20/2013 12:00,31.4,
3/21/2013 12:00,30.9,
3/22/2013 12:00,29.5,
3/23/2013 12:00,30.8,
3/24/2013 12:00,31.9,
3/25/2013 12:00,34.8,
3/26/2013 12:00,31.1,
3/27/2013 12:00,31.7,
3/28/2013 12:00,32.1,
3/29/2013 12:00,33.3,
3/30/2013 12:00,35.4,
3/31/2013 12:00,34,
4/1/2013 12:00,33.4,
4/2/2013 12:00,34.5,
4/3/2013 12:00,34.5,
4/4/2013 12:00,35.7,
4/5/2013 12:00,34.3,
4/6/2013 12:00,33.1,
4/7/2013 12:00,33.8,
4/8/2013 12:00,34.9,
4/9/2013 12:00,35.7,
4/10/2013 12:00,35.9,
4/11/2013 12:00,35.6,
4/12/2013 12:00,38.8,
4/13/2013 12:00,38.4,
4/14/2013 12:00,37.2,
4/15/2013 12:00,32.8,
4/16/2013 12:00,30.6,
4/17/2013 12:00,27.4,
4/18/2013 12:00,31.3,
4/19/2013 12:00,32.1,
4/20/2013 12:00,29.9,
4/21/2013 12:00,26.5,
4/22/2013 12:00,29.9,
4/23/2013 12:00,29.6,
4/24/2013 12:00,31.7,
4/25/2013 12:00,31.8,
4/26/2013 12:00,34.4,
4/27/2013 12:00,31.8,
4/28/2013 12:00,31,
4/29/2013 12:00,33.2,
4/30/2013 12:00,33,
5/1/2013 12:00,33.7,
5/2/2013 12:00,34.5,
5/3/2013 12:00,35.3,
5/4/2013 12:00,34,
5/5/2013 12:00,30.5,
5/6/2013 12:00,30.8,
5/7/2013 12:00,31.3,
5/8/2013 12:00,31.6,
5/9/2013 12:00,31.6,
5/10/2013 12:00,34,
5/11/2013 12:00,33.9,
5/12/2013 12:00,33.6,
5/13/2013 12:00,32.8,
5/14/2013 12:00,33.8,
5/15/2013 12:00,28.4,
5/16/2013 12:00,32.8,
5/17/2013 12:00,31.8,
5/18/2013 12:00,31.6,
5/19/2013 12:00,32.2,
5/20/2013 12:00,33.4,
5/21/2013 12:00,34,
5/22/2013 12:00,32.6,
5/23/2013 12:00,32.2,
5/24/2013 12:00,32,
5/25/2013 12:00,34,
5/26/2013 12:00,34.4,
5/27/2013 12:00,32.1,
5/28/2013 12:00,32.5,
5/29/2013 12:00,31.2,
5/30/2013 12:00,28.2,
5/31/2013 12:00,30.8,
6/1/2013 12:00,28.7,
6/2/2013 12:00,32.9,
6/3/2013 12:00,34,
6/4/2013 12:00,32,
6/5/2013 12:00,31.6,
6/6/2013 12:00,29,
6/7/2013 12:00,30.5,
6/8/2013 12:00,33.5,
6/9/2013 12:00,32,
6/10/2013 12:00,33.4,
6/11/2013 12:00,34.8,
6/12/2013 12:00,35.6,
6/13/2013 12:00,34.8,
6/14/2013 12:00,32.6,
6/15/2013 12:00,33.5,
6/16/2013 12:00,33.3,
6/17/2013 12:00,34.1,
6/18/2013 12:00,26.6,
6/19/2013 12:00,31.4,
6/20/2013 12:00,32,
6/21/2013 12:00,32.5,
6/22/2013 12:00,34.8,
6/23/2013 12:00,34.6,
6/24/2013 12:00,34.2,
6/25/2013 12:00,32.7,
6/26/2013 12:00,31.5,
6/27/2013 12:00,32.1,
6/28/2013 12:00,31.8,
6/29/2013 12:00,31.7,
6/30/2013 12:00,29.9,
7/1/2013 12:00,31.7,
7/2/2013 12:00,33.1,
7/3/2013 12:00,33.4,
7/4/2013 12:00,32.7,
7/5/2013 12:00,29.1,
7/6/2013 12:00,29.4,
7/7/2013 12:00,30.5,
7/8/2013 12:00,27.9,
7/9/2013 12:00,29.3,
7/10/2013 12:00,28.6,
7/11/2013 12:00,32,
7/12/2013 12:00,32.8,
7/13/2013 12:00,32.1,
7/14/2013 12:00,32,
7/15/2013 12:00,33.5,
7/16/2013 12:00,32.9,
7/17/2013 12:00,32.8,
7/18/2013 12:00,31.7,
7/19/2013 12:00,30.1,
7/20/2013 12:00,32.4,
7/21/2013 12:00,32,
7/22/2013 12:00,33.6,
7/23/2013 12:00,33.9,
7/24/2013 12:00,32.1,
7/25/2013 12:00,33.6,
7/26/2013 12:00,33.2,
7/27/2013 12:00,32,
7/28/2013 12:00,32.1,
7/29/2013 12:00,32,
7/30/2013 12:00,33.1,
7/31/2013 12:00,31.2,
8/1/2013 12:00,31.8,
8/2/2013 12:00,33.9,
8/3/2013 12:00,32.9,
8/4/2013 12:00,34.1,
8/5/2013 12:00,28.8,
8/6/2013 12:00,31.1,
8/7/2013 12:00,31.9,
8/8/2013 12:00,31.3,
8/9/2013 12:00,31.6,
8/10/2013 12:00,30.9,
8/11/2013 12:00,31.1,
8/12/2013 12:00,32.6,
8/13/2013 12:00,31.9,
8/14/2013 12:00,33.3,
8/15/2013 12:00,32.2,
8/16/2013 12:00,30.1,
8/17/2013 12:00,30,
8/18/2013 12:00,32.6,
8/19/2013 12:00,31.7,
8/20/2013 12:00,31.7,
8/21/2013 12:00,34,
8/22/2013 12:00,32.4,
8/23/2013 12:00,33.8,
8/24/2013 12:00,32.8,
8/25/2013 12:00,34.4,
8/26/2013 12:00,32.6,
8/27/2013 12:00,30.2,
8/28/2013 12:00,32.1,
8/29/2013 12:00,31.9,
8/30/2013 12:00,32.8,
8/31/2013 12:00,32.6,
9/1/2013 12:00,31.3,
9/2/2013 12:00,32,
9/3/2013 12:00,31.2,
9/4/2013 12:00,29.8,
9/5/2013 12:00,30.9,
9/6/2013 12:00,32,
9/7/2013 12:00,32.3,
9/8/2013 12:00,32.8,
9/9/2013 12:00,32.4,
9/10/2013 12:00,32,
9/11/2013 12:00,32.5,
9/12/2013 12:00,33.8,
9/13/2013 12:00,34.6,
9/14/2013 12:00,35,
9/15/2013 12:00,33.8,
9/16/2013 12:00,32.9,
9/17/2013 12:00,34.8,
9/18/2013 12:00,35.1,
9/19/2013 12:00,32.5,
9/20/2013 12:00,32.8,
9/21/2013 12:00,33.3,
9/22/2013 12:00,35.5,
9/23/2013 12:00,34.3,
9/24/2013 12:00,33.4,
9/25/2013 12:00,33.7,
9/26/2013 12:00,32.6,
9/27/2013 12:00,30.7,
9/28/2013 12:00,33.6,
9/29/2013 12:00,32.1,
9/30/2013 12:00,30.8,
10/1/2013 12:00,29.7,
10/2/2013 12:00,30.4,
10/3/2013 12:00,31.6,
10/4/2013 12:00,31,
10/5/2013 12:00,26.1,
10/6/2013 12:00,29.7,
10/7/2013 12:00,32.1,
10/8/2013 12:00,33,
10/9/2013 12:00,33.1,
10/10/2013 12:00,32.5,
10/11/2013 12:00,33.5,
10/12/2013 12:00,33.4,
10/13/2013 12:00,24.9,
10/14/2013 12:00,22.9,
10/15/2013 12:00,29.7,
10/16/2013 12:00,31.3,
10/17/2013 12:00,31.9,
10/18/2013 12:00,32.3,
10/19/2013 12:00,32,
10/20/2013 12:00,29.2,
10/21/2013 12:00,30.5,
10/22/2013 12:00,31,
10/23/2013 12:00,30,
10/24/2013 12:00,30.8,
10/25/2013 12:00,28.8,
10/26/2013 12:00,29.2,
10/27/2013 12:00,29.5,
10/28/2013 12:00,27.6,
10/29/2013 12:00,27.8,
10/30/2013 12:00,27.7,
10/31/2013 12:00,26.8,
11/1/2013 12:00,27.2,
11/2/2013 12:00,27,
11/3/2013 12:00,28.2,
11/4/2013 12:00,27.6,
11/5/2013 12:00,28.8,
11/6/2013 12:00,29.2,
11/7/2013 12:00,29.4,
11/8/2013 12:00,29.5,
11/9/2013 12:00,29.7,
11/10/2013 12:00,30,
11/11/2013 12:00,29.4,
11/12/2013 12:00,28.2,
11/13/2013 12:00,28.3,
11/14/2013 12:00,28.8,
11/15/2013 12:00,29.3,
11/16/2013 12:00,29.7,
11/17/2013 12:00,29.2,
11/18/2013 12:00,28.9,
11/19/2013 12:00,28.6,
11/20/2013 12:00,28,
11/21/2013 12:00,27.7,
11/22/2013 12:00,27.7,
11/23/2013 12:00,27.8,
11/24/2013 12:00,28.4,
11/25/2013 12:00,27.5,
11/26/2013 12:00,27.5,
11/27/2013 12:00,27.2,
11/28/2013 12:00,28.5,
11/29/2013 12:00,28.8,
11/30/2013 12:00,27.5,
12/1/2013 12:00,28.2,
12/2/2013 12:00,28.6,
12/3/2013 12:00,28.6,
12/4/2013 12:00,28.4,
12/5/2013 12:00,28,
12/6/2013 12:00,27.6,
12/7/2013 12:00,27.5,
12/8/2013 12:00,27.7,
12/9/2013 12:00,27.2,
12/10/2013 12:00,26.7,
12/11/2013 12:00,25.2,
12/12/2013 12:00,24.3,
12/13/2013 12:00,23,
12/14/2013 12:00,23.6,
12/15/2013 12:00,25.2,
12/16/2013 12:00,24.6,
12/17/2013 12:00,23.7,
12/18/2013 12:00,23.2,
12/19/2013 12:00,23.7,
12/20/2013 12:00,24,
12/21/2013 12:00,23,
12/22/2013 12:00,24,
12/23/2013 12:00,23,
12/24/2013 12:00,22.7,
12/25/2013 12:00,18.9,
12/26/2013 12:00,21.5,
12/27/2013 12:00,22.3,
12/28/2013 12:00,20.7,
12/29/2013 12:00,18.2,
12/30/2013 12:00,22.7,
12/31/2013 12:00,24.3,
1/1/2014 12:00,25,
1/2/2014 12:00,21.7,
1/3/2014 12:00,21,
1/4/2014 12:00,22.7,
1/5/2014 12:00,23.5,
1/6/2014 12:00,21.7,
1/7/2014 12:00,18.3,
1/8/2014 12:00,18.7,
1/9/2014 12:00,23.1,
1/10/2014 12:00,24.4,
1/11/2014 12:00,19,
1/12/2014 12:00,24.5,
1/13/2014 12:00,24,
1/14/2014 12:00,21.4,
1/15/2014 12:00,22.7,
1/16/2014 12:00,24.8,
1/17/2014 12:00,26.4,
1/18/2014 12:00,22.5,
1/19/2014 12:00,26.7,
1/20/2014 12:00,23.5,
1/21/2014 12:00,26.3,
1/22/2014 12:00,27,
1/23/2014 12:00,25.7,
1/24/2014 12:00,24.2,
1/25/2014 12:00,21.6,
1/26/2014 12:00,22.4,
1/27/2014 12:00,16.2,
1/28/2014 12:00,19.3,
1/29/2014 12:00,25.2,
1/30/2014 12:00,24.2,
1/31/2014 12:00,22.6,
2/1/2014 12:00,23.5,
2/2/2014 12:00,19.3,
2/3/2014 12:00,19.9,
2/4/2014 12:00,22.4,
2/5/2014 12:00,23.4,
2/6/2014 12:00,23,
2/7/2014 12:00,25.2,
2/8/2014 12:00,24,
2/9/2014 12:00,25.7,
2/10/2014 12:00,24.4,
2/11/2014 12:00,23.6,
2/12/2014 12:00,24.4,
2/13/2014 12:00,24.4,
2/14/2014 12:00,16,
2/15/2014 12:00,22.1,
2/16/2014 12:00,18.6,
2/17/2014 12:00,21.8,
2/18/2014 12:00,22.8,
2/19/2014 12:00,25.5,
2/20/2014 12:00,25.2,
2/21/2014 12:00,25.4,
2/22/2014 12:00,23.5,
2/23/2014 12:00,25.1,
2/24/2014 12:00,27.2,
2/25/2014 12:00,26,
2/26/2014 12:00,25.2,
2/27/2014 12:00,25.3,
2/28/2014 12:00,25.5,
3/1/2014 12:00,25.9,
3/2/2014 12:00,27.5,
3/3/2014 12:00,27.9,
3/4/2014 12:00,28,
3/5/2014 12:00,27.8,
3/6/2014 12:00,27.4,
3/7/2014 12:00,27.7,
3/8/2014 12:00,28.2,
3/9/2014 12:00,28.9,
3/10/2014 12:00,28.7,
3/11/2014 12:00,30.6,
3/12/2014 12:00,30.5,
3/13/2014 12:00,31.3,
3/14/2014 12:00,30.2,
3/15/2014 12:00,30.9,
3/16/2014 12:00,32,
3/17/2014 12:00,32.3,
3/18/2014 12:00,32.7,
3/19/2014 12:00,32.5,
3/20/2014 12:00,29.5,
3/21/2014 12:00,29.6,
3/22/2014 12:00,30.5,
3/23/2014 12:00,30.2,
3/24/2014 12:00,30.2,
3/25/2014 12:00,31.2,
3/26/2014 12:00,32.5,
3/27/2014 12:00,33.5,
3/28/2014 12:00,33.2,
3/29/2014 12:00,36.6,
3/30/2014 12:00,36.3,
3/31/2014 12:00,33.5,
4/1/2014 12:00,32.4,
4/2/2014 12:00,33.7,
4/3/2014 12:00,34.4,
4/4/2014 12:00,32.5,
4/5/2014 12:00,29.2,
4/6/2014 12:00,33.2,
4/7/2014 12:00,33.5,
4/8/2014 12:00,33.3,
4/9/2014 12:00,33.4,
4/10/2014 12:00,34.4,
4/11/2014 12:00,34.7,
4/12/2014 12:00,35.4,
4/13/2014 12:00,35.2,
4/14/2014 12:00,35,
4/15/2014 12:00,36.2,
4/16/2014 12:00,35.8,
4/17/2014 12:00,35.9,
4/18/2014 12:00,35.7,
4/19/2014 12:00,35.9,
4/20/2014 12:00,36.6,
4/21/2014 12:00,37,
4/22/2014 12:00,37.2,
4/23/2014 12:00,37,
4/24/2014 12:00,37.8,
4/25/2014 12:00,37.7,
4/26/2014 12:00,37.8,
4/27/2014 12:00,35,
4/28/2014 12:00,34.4,
4/29/2014 12:00,35.4,
4/30/2014 12:00,34.4,
5/1/2014 12:00,34.7,
5/2/2014 12:00,29.4,
5/3/2014 12:00,31.4,
5/4/2014 12:00,30.3,
5/5/2014 12:00,30,
5/6/2014 12:00,32,
5/7/2014 12:00,33,
5/8/2014 12:00,32.3,
5/9/2014 12:00,32.5,
5/10/2014 12:00,37,
5/11/2014 12:00,35.3,
5/12/2014 12:00,33,
5/13/2014 12:00,36,
5/14/2014 12:00,37.5,
5/15/2014 12:00,37.5,
5/16/2014 12:00,36.2,
5/17/2014 12:00,37,
5/18/2014 12:00,35.3,
5/19/2014 12:00,34.9,
5/20/2014 12:00,34.7,
5/21/2014 12:00,36.6,
5/22/2014 12:00,34.7,
5/23/2014 12:00,33.5,
5/24/2014 12:00,32,
5/25/2014 12:00,34.5,
5/26/2014 12:00,27.2,
5/27/2014 12:00,27.3,
5/28/2014 12:00,26.2,
5/29/2014 12:00,29,
5/30/2014 12:00,31.7,
5/31/2014 12:00,32.2,
6/1/2014 12:00,34.2,
6/2/2014 12:00,34.2,
6/3/2014 12:00,32.3,
6/4/2014 12:00,33.4,
6/5/2014 12:00,33.5,
6/6/2014 12:00,32,
6/7/2014 12:00,31,
6/8/2014 12:00,31.5,
6/9/2014 12:00,33,
6/10/2014 12:00,32.3,
6/11/2014 12:00,33,
6/12/2014 12:00,32.8,
6/13/2014 12:00,33.4,
6/14/2014 12:00,33.3,
6/15/2014 12:00,34.3,
6/16/2014 12:00,34.9,
6/17/2014 12:00,34.9,
6/18/2014 12:00,32.3,
6/19/2014 12:00,33.5,
6/20/2014 12:00,32,
6/21/2014 12:00,28.8,
6/22/2014 12:00,30.3,
6/23/2014 12:00,30.4,
6/24/2014 12:00,29,
6/25/2014 12:00,32.5,
6/26/2014 12:00,34.2,
6/27/2014 12:00,33.3,
6/28/2014 12:00,32.7,
6/29/2014 12:00,32,
6/30/2014 12:00,32,
7/1/2014 12:00,29.8,
7/2/2014 12:00,32,
7/3/2014 12:00,32.4,
7/4/2014 12:00,32.5,
7/5/2014 12:00,31.7,
7/6/2014 12:00,32.5,
7/7/2014 12:00,33.3,
7/8/2014 12:00,31.8,
7/9/2014 12:00,32.5,
7/10/2014 12:00,33.2,
7/11/2014 12:00,32.2,
7/12/2014 12:00,33.8,
7/13/2014 12:00,32.4,
7/14/2014 12:00,33.4,
7/15/2014 12:00,31,
7/16/2014 12:00,31.7,
7/17/2014 12:00,30.8,
7/18/2014 12:00,32.5,
7/19/2014 12:00,33.2,
7/20/2014 12:00,34.2,
7/21/2014 12:00,32.2,
7/22/2014 12:00,33,
7/23/2014 12:00,32.4,
7/24/2014 12:00,31.2,
7/25/2014 12:00,33.5,
7/26/2014 12:00,34.4,
7/27/2014 12:00,33.5,
7/28/2014 12:00,33.5,
7/29/2014 12:00,33.3,
7/30/2014 12:00,32.4,
7/31/2014 12:00,33.4,
8/1/2014 12:00,33,
8/2/2014 12:00,33,
8/3/2014 12:00,32.8,
8/4/2014 12:00,33,
8/5/2014 12:00,32,
8/6/2014 12:00,33.2,
8/7/2014 12:00,32.7,
8/8/2014 12:00,33,
8/9/2014 12:00,31.5,
8/10/2014 12:00,32.5,
8/11/2014 12:00,31.8,
8/12/2014 12:00,32.7,
8/13/2014 12:00,31.8,
8/14/2014 12:00,26,
8/15/2014 12:00,28.9,
8/16/2014 12:00,29.8,
8/17/2014 12:00,30.5,
8/18/2014 12:00,31,
8/19/2014 12:00,31.5,
8/20/2014 12:00,28,
8/21/2014 12:00,32,
8/22/2014 12:00,31.2,
8/23/2014 12:00,32.5,
8/24/2014 12:00,30.9,
8/25/2014 12:00,28.5,
8/26/2014 12:00,28.7,
8/27/2014 12:00,32,
8/28/2014 12:00,33.4,
8/29/2014 12:00,34.2,
8/30/2014 12:00,34.5,
8/31/2014 12:00,30.3,
9/1/2014 12:00,30.9,
9/2/2014 12:00,32.4,
9/3/2014 12:00,33.5,
9/4/2014 12:00,32.9,
9/5/2014 12:00,33,
9/6/2014 12:00,32.5,
9/7/2014 12:00,31.7,
9/8/2014 12:00,33.2,
9/9/2014 12:00,28.7,
9/10/2014 12:00,30.4,
9/11/2014 12:00,29.8,
9/12/2014 12:00,32.2,
9/13/2014 12:00,31.9,
9/14/2014 12:00,32,
9/15/2014 12:00,30.5,
9/16/2014 12:00,32.5,
9/17/2014 12:00,33.1,
9/18/2014 12:00,34,
9/19/2014 12:00,33,
9/20/2014 12:00,30.3,
9/21/2014 12:00,29.5,
9/22/2014 12:00,30.3,
9/23/2014 12:00,29,
9/24/2014 12:00,31,
9/25/2014 12:00,31,
9/26/2014 12:00,31,
9/27/2014 12:00,30.5,
9/28/2014 12:00,30.5,
9/29/2014 12:00,31.4,
9/30/2014 12:00,32,
10/1/2014 12:00,32.5,
10/2/2014 12:00,32.5,
10/3/2014 12:00,32.2,
10/4/2014 12:00,32.2,
10/5/2014 12:00,32.7,
10/6/2014 12:00,33.6,
10/7/2014 12:00,33.9,
10/8/2014 12:00,33.3,
10/9/2014 12:00,32.7,
10/10/2014 12:00,32.5,
10/11/2014 12:00,32.2,
10/12/2014 12:00,31.4,
10/13/2014 12:00,28.8,
10/14/2014 12:00,30.9,
10/15/2014 12:00,30.9,
10/16/2014 12:00,28,
10/17/2014 12:00,29,
10/18/2014 12:00,30.7,
10/19/2014 12:00,30,
10/20/2014 12:00,30.4,
10/21/2014 12:00,30,
10/22/2014 12:00,30.9,
10/23/2014 12:00,30.8,
10/24/2014 12:00,30.4,
10/25/2014 12:00,28.8,
10/26/2014 12:00,27.5,
10/27/2014 12:00,29.5,
10/28/2014 12:00,28.9,
10/29/2014 12:00,29,
10/30/2014 12:00,29.3,
10/31/2014 12:00,30,
11/1/2014 12:00,30.5,
11/2/2014 12:00,30.7,
11/3/2014 12:00,30.8,
11/4/2014 12:00,30.5,
11/5/2014 12:00,30.5,
11/6/2014 12:00,30.3,
11/7/2014 12:00,31.5,
11/8/2014 12:00,31.5,
11/9/2014 12:00,30.4,
11/10/2014 12:00,29.9,
11/11/2014 12:00,28.8,
11/12/2014 12:00,28,
11/13/2014 12:00,28.2,
11/14/2014 12:00,26.5,
11/15/2014 12:00,27.2,
11/16/2014 12:00,27.2,
11/17/2014 12:00,28.4,
11/18/2014 12:00,28.5,
11/19/2014 12:00,28.3,
11/20/2014 12:00,27.9,
11/21/2014 12:00,27.5,
11/22/2014 12:00,27.4,
11/23/2014 12:00,26.7,
11/24/2014 12:00,26.3,
11/25/2014 12:00,25.6,
11/26/2014 12:00,25.6,
11/27/2014 12:00,25.5,
11/28/2014 12:00,25.5,
11/29/2014 12:00,25.6,
11/30/2014 12:00,26,
12/1/2014 12:00,26.5,
12/2/2014 12:00,27,
12/3/2014 12:00,27,
12/4/2014 12:00,27.3,
12/5/2014 12:00,29,
12/6/2014 12:00,25.5,
12/7/2014 12:00,23.5,
12/8/2014 12:00,26.5,
12/9/2014 12:00,25.5,
12/10/2014 12:00,23,
12/11/2014 12:00,18,
12/12/2014 12:00,23.5,
12/13/2014 12:00,24,
12/14/2014 12:00,23.5,
12/15/2014 12:00,24,
12/16/2014 12:00,24.5,
12/17/2014 12:00,21.5,
12/18/2014 12:00,25.2,
12/19/2014 12:00,24.5,
12/20/2014 12:00,24,
12/21/2014 12:00,24.5,
12/22/2014 12:00,24,
12/23/2014 12:00,24.5,
12/24/2014 12:00,24.7,
12/25/2014 12:00,22.2,
12/26/2014 12:00,21.5,
12/27/2014 12:00,22.7,
12/28/2014 12:00,24.2,
12/29/2014 12:00,25.2,
12/30/2014 12:00,26.4,
12/31/2014 12:00,28.5,
1/1/2015 12:00,28.4,
1/2/2015 12:00,25.6,
1/3/2015 12:00,24.4,
1/4/2015 12:00,24.5,
1/5/2015 12:00,19.5,
1/6/2015 12:00,19.4,
1/7/2015 12:00,23.4,
1/8/2015 12:00,23.9,
1/9/2015 12:00,25.7,
1/10/2015 12:00,20,
1/11/2015 12:00,21.1,
1/12/2015 12:00,22.6,
1/13/2015 12:00,25.2,
1/14/2015 12:00,27.2,
1/15/2015 12:00,26.7,
1/16/2015 12:00,27.5,
1/17/2015 12:00,21.1,
1/18/2015 12:00,21.4,
1/19/2015 12:00,19.8,
1/20/2015 12:00,21.6,
1/21/2015 12:00,24.5,
1/22/2015 12:00,25.6,
1/23/2015 12:00,25.5,
1/24/2015 12:00,24.4,
1/25/2015 12:00,23.5,
1/26/2015 12:00,24,
1/27/2015 12:00,24.5,
1/28/2015 12:00,23.8,
1/29/2015 12:00,21,
1/30/2015 12:00,19,
1/31/2015 12:00,18.5,
2/1/2015 12:00,23,
2/2/2015 12:00,26.5,
2/3/2015 12:00,27.1,
2/4/2015 12:00,27.8,
2/5/2015 12:00,24.5,
2/6/2015 12:00,22.5,
2/7/2015 12:00,25,
2/8/2015 12:00,25,
2/9/2015 12:00,25.7,
2/10/2015 12:00,25,
2/11/2015 12:00,24.5,
2/12/2015 12:00,24.5,
2/13/2015 12:00,24.9,
2/14/2015 12:00,24,
2/15/2015 12:00,24.5,
2/16/2015 12:00,28,
2/17/2015 12:00,28,
2/18/2015 12:00,28.5,
2/19/2015 12:00,28,
2/20/2015 12:00,26.4,
2/21/2015 12:00,26.6,
2/22/2015 12:00,28.5,
2/23/2015 12:00,29.8,
2/24/2015 12:00,31,
2/25/2015 12:00,29,
2/26/2015 12:00,28.5,
2/27/2015 12:00,30,
2/28/2015 12:00,31.8,
3/1/2015 12:00,30,
3/2/2015 12:00,22.2,
3/3/2015 12:00,27.5,
3/4/2015 12:00,27.9,
3/5/2015 12:00,27,
3/6/2015 12:00,28,
3/7/2015 12:00,28.5,
3/8/2015 12:00,29.7,
3/9/2015 12:00,29.5,
3/10/2015 12:00,31.8,
3/11/2015 12:00,33.3,
3/12/2015 12:00,30.6,
3/13/2015 12:00,30.9,
3/14/2015 12:00,30.3,
3/15/2015 12:00,30.2,
3/16/2015 12:00,26.7,
3/17/2015 12:00,32,
3/18/2015 12:00,29.6,
3/19/2015 12:00,31,
3/20/2015 12:00,30.5,
3/21/2015 12:00,32.3,
3/22/2015 12:00,33,
3/23/2015 12:00,33.2,
3/24/2015 12:00,33.2,
3/25/2015 12:00,34,
3/26/2015 12:00,33,
3/27/2015 12:00,27.6,
3/28/2015 12:00,31.3,
3/29/2015 12:00,32.5,
3/30/2015 12:00,29.7,
3/31/2015 12:00,29.2,
4/1/2015 12:00,31.4,
4/2/2015 12:00,31.3,
4/3/2015 12:00,30.4,
4/4/2015 12:00,31.6,
4/5/2015 12:00,31.9,
4/6/2015 12:00,32,
4/7/2015 12:00,32,
4/8/2015 12:00,33,
4/9/2015 12:00,34.7,
4/10/2015 12:00,34.3,
4/11/2015 12:00,34,
4/12/2015 12:00,34,
4/13/2015 12:00,30.5,
4/14/2015 12:00,33,
4/15/2015 12:00,33.6,
4/16/2015 12:00,36.2,
4/17/2015 12:00,35.3,
4/18/2015 12:00,24,
4/19/2015 12:00,29.2,
4/20/2015 12:00,32,
4/21/2015 12:00,31.2,
4/22/2015 12:00,31.7,
4/23/2015 12:00,32.4,
4/24/2015 12:00,30.5,
4/25/2015 12:00,25,
4/26/2015 12:00,29.5,
4/27/2015 12:00,31.5,
4/28/2015 12:00,31,
4/29/2015 12:00,30,
4/30/2015 12:00,32.6,
5/1/2015 12:00,32.2,
5/2/2015 12:00,33.2,
5/3/2015 12:00,32.2,
5/4/2015 12:00,33.8,
5/5/2015 12:00,34,
5/6/2015 12:00,33.7,
5/7/2015 12:00,33,
5/8/2015 12:00,31.5,
5/9/2015 12:00,33,
5/10/2015 12:00,34.3,
5/11/2015 12:00,32.5,
5/12/2015 12:00,32.6,
5/13/2015 12:00,34,
5/14/2015 12:00,33,
5/15/2015 12:00,34.5,
5/16/2015 12:00,32.6,
5/17/2015 12:00,31.2,
5/18/2015 12:00,31,
5/19/2015 12:00,32,
5/20/2015 12:00,32.3,
5/21/2015 12:00,33.4,
5/22/2015 12:00,33.8,
5/23/2015 12:00,33.5,
5/24/2015 12:00,31,
5/25/2015 12:00,32,
5/26/2015 12:00,31.5,
5/27/2015 12:00,31.5,
5/28/2015 12:00,31.8,
5/29/2015 12:00,31.7,
5/30/2015 12:00,30.9,
5/31/2015 12:00,32.2,
6/1/2015 12:00,31.4,
6/2/2015 12:00,33,
6/3/2015 12:00,33.3,
6/4/2015 12:00,33.9,
6/5/2015 12:00,33.5,
6/6/2015 12:00,33.9,
6/7/2015 12:00,33,
6/8/2015 12:00,33.1,
6/9/2015 12:00,32.5,
6/10/2015 12:00,30.4,
6/11/2015 12:00,27.6,
6/12/2015 12:00,30.4,
6/13/2015 12:00,30.3,
6/14/2015 12:00,31.4,
6/15/2015 12:00,32.4,
6/16/2015 12:00,33,
6/17/2015 12:00,33,
6/18/2015 12:00,33.5,
6/19/2015 12:00,32.9,
6/20/2015 12:00,34,
6/21/2015 12:00,33,
6/22/2015 12:00,32.5,
6/23/2015 12:00,31.5,
6/24/2015 12:00,32.8,
6/25/2015 12:00,33,
6/26/2015 12:00,31.6,
6/27/2015 12:00,31,
6/28/2015 12:00,28.5,
6/29/2015 12:00,32.3,
6/30/2015 12:00,32.6,
7/1/2015 12:00,32.2,
7/2/2015 12:00,32.4,
7/3/2015 12:00,31,
7/4/2015 12:00,31.5,
7/5/2015 12:00,31.1,
7/6/2015 12:00,33,
7/7/2015 12:00,34.4,
7/8/2015 12:00,33.8,
7/9/2015 12:00,34,
7/10/2015 12:00,31,
7/11/2015 12:00,33.3,
7/12/2015 12:00,32,
7/13/2015 12:00,33.5,
7/14/2015 12:00,33.5,
7/15/2015 12:00,30.1,
7/16/2015 12:00,30.5,
7/17/2015 12:00,33.8,
7/18/2015 12:00,34,
7/19/2015 12:00,33.2,
7/20/2015 12:00,32.2,
7/21/2015 12:00,32.5,
7/22/2015 12:00,30.8,
7/23/2015 12:00,31.8,
7/24/2015 12:00,32.5,
7/25/2015 12:00,32.6,
7/26/2015 12:00,34.5,
7/27/2015 12:00,34.6,
7/28/2015 12:00,35.3,
7/29/2015 12:00,35.3,
7/30/2015 12:00,35.2,
7/31/2015 12:00,32,
8/1/2015 12:00,31.5,
8/2/2015 12:00,33.1,
8/3/2015 12:00,32,
8/4/2015 12:00,33,
8/5/2015 12:00,31,
8/6/2015 12:00,29,
8/7/2015 12:00,30.8,
8/8/2015 12:00,32.4,
8/9/2015 12:00,32.1,
8/10/2015 12:00,33.8,
8/11/2015 12:00,33.4,
8/12/2015 12:00,33.5,
8/13/2015 12:00,33,
8/14/2015 12:00,33,
8/15/2015 12:00,30.6,
8/16/2015 12:00,32.5,
8/17/2015 12:00,32.2,
8/18/2015 12:00,32.5,
8/19/2015 12:00,30.2,
8/20/2015 12:00,27,
8/21/2015 12:00,28.8,
8/22/2015 12:00,30.8,
8/23/2015 12:00,31.8,
8/24/2015 12:00,32.7,
8/25/2015 12:00,33,
8/26/2015 12:00,30.8,
8/27/2015 12:00,33.2,
8/28/2015 12:00,32.3,
8/29/2015 12:00,33.5,
8/30/2015 12:00,32.2,
8/31/2015 12:00,31,
9/1/2015 12:00,31.8,
9/2/2015 12:00,30.8,
9/3/2015 12:00,31.2,
9/4/2015 12:00,29.5,
9/5/2015 12:00,31.5,
9/6/2015 12:00,32.3,
9/7/2015 12:00,33.4,
9/8/2015 12:00,32.5,
9/9/2015 12:00,31.4,
9/10/2015 12:00,33.2,
9/11/2015 12:00,32.3,
9/12/2015 12:00,33.3,
9/13/2015 12:00,33.5,
9/14/2015 12:00,33,
9/15/2015 12:00,33,
9/16/2015 12:00,33.7,
9/17/2015 12:00,33.5,
9/18/2015 12:00,34.4,
9/19/2015 12:00,35.5,
9/20/2015 12:00,31,
9/21/2015 12:00,29.2,
9/22/2015 12:00,31,
9/23/2015 12:00,31.2,
9/24/2015 12:00,26.2,
9/25/2015 12:00,29.5,
9/26/2015 12:00,28.5,
9/27/2015 12:00,32.6,
9/28/2015 12:00,32.4,
9/29/2015 12:00,33,
9/30/2015 12:00,34,
10/1/2015 12:00,33.5,
10/2/2015 12:00,33,
10/3/2015 12:00,32.3,
10/4/2015 12:00,32.8,
10/5/2015 12:00,34,
10/6/2015 12:00,33.4,
10/7/2015 12:00,33.5,
10/8/2015 12:00,33,
10/9/2015 12:00,32.4,
10/10/2015 12:00,32,
10/11/2015 12:00,31,
10/12/2015 12:00,32.4,
10/13/2015 12:00,32.3,
10/14/2015 12:00,31.5,
10/15/2015 12:00,31.5,
10/16/2015 12:00,31,
10/17/2015 12:00,31.2,
10/18/2015 12:00,31.4,
10/19/2015 12:00,31.4,
10/20/2015 12:00,31.2,
10/21/2015 12:00,31,
10/22/2015 12:00,30.5,
10/23/2015 12:00,30,
10/24/2015 12:00,29.5,
10/25/2015 12:00,30.5,
10/26/2015 12:00,30.5,
10/27/2015 12:00,29.5,
10/28/2015 12:00,30.3,
10/29/2015 12:00,30,
10/30/2015 12:00,28.5,
10/31/2015 12:00,31.4,
11/1/2015 12:00,31,
11/2/2015 12:00,30.9,
11/3/2015 12:00,29.5,
11/4/2015 12:00,29,
11/5/2015 12:00,28.5,
11/6/2015 12:00,27.2,
11/7/2015 12:00,28.4,
11/8/2015 12:00,29,
11/9/2015 12:00,30,
11/10/2015 12:00,30,
11/11/2015 12:00,29.5,
11/12/2015 12:00,29,
11/13/2015 12:00,29.9,
11/14/2015 12:00,28.5,
11/15/2015 12:00,27.5,
11/16/2015 12:00,27.5,
11/17/2015 12:00,27.6,
11/18/2015 12:00,27,
11/19/2015 12:00,28,
11/20/2015 12:00,28.4,
11/21/2015 12:00,29,
11/22/2015 12:00,29,
11/23/2015 12:00,28.5,
11/24/2015 12:00,28.5,
11/25/2015 12:00,28.2,
11/26/2015 12:00,28,
11/27/2015 12:00,28.5,
11/28/2015 12:00,28.5,
11/29/2015 12:00,28.5,
11/30/2015 12:00,28,
12/1/2015 12:00,27.5,
12/2/2015 12:00,27,
12/3/2015 12:00,26.7,
12/4/2015 12:00,26,
12/5/2015 12:00,25.5,
12/6/2015 12:00,27.2,
12/7/2015 12:00,28,
12/8/2015 12:00,26.3,
12/9/2015 12:00,26,
12/10/2015 12:00,23,
12/11/2015 12:00,24,
12/12/2015 12:00,24.7,
12/13/2015 12:00,22,
12/14/2015 12:00,23.3,
12/15/2015 12:00,21,
12/16/2015 12:00,21.4,
12/17/2015 12:00,23.5,
12/18/2015 12:00,22.5,
12/19/2015 12:00,22,
12/20/2015 12:00,22.4,
12/21/2015 12:00,22,
12/22/2015 12:00,24.2,
12/23/2015 12:00,23.5,
12/24/2015 12:00,23.2,
12/25/2015 12:00,23.4,
12/26/2015 12:00,25,
12/27/2015 12:00,24.8,
12/28/2015 12:00,25.8,
12/29/2015 12:00,25.7,
12/30/2015 12:00,25.5,
12/31/2015 12:00,26,
1/1/2016 12:00,26.2,
1/2/2016 12:00,27.5,
1/3/2016 12:00,25.5,
1/4/2016 12:00,25.3,
1/5/2016 12:00,25.3,
1/6/2016 12:00,25,
1/7/2016 12:00,25.3,
1/8/2016 12:00,24,
1/9/2016 12:00,22,
1/10/2016 12:00,21.5,
1/11/2016 12:00,22.4,
1/12/2016 12:00,24,
1/13/2016 12:00,23.5,
1/14/2016 12:00,23.5,
1/15/2016 12:00,23,
1/16/2016 12:00,22.6,
1/17/2016 12:00,23.2,
1/18/2016 12:00,23.5,
1/19/2016 12:00,21.5,
1/20/2016 12:00,21.2,
1/21/2016 12:00,17.3,
1/22/2016 12:00,19.9,
1/23/2016 12:00,14,
1/24/2016 12:00,18.2,
1/25/2016 12:00,21,
1/26/2016 12:00,21.5,
1/27/2016 12:00,22,
1/28/2016 12:00,22.5,
1/29/2016 12:00,22.7,
1/30/2016 12:00,23.2,
1/31/2016 12:00,23.5,
2/1/2016 12:00,23.5,
2/2/2016 12:00,24.2,
2/3/2016 12:00,23.5,
2/4/2016 12:00,22.8,
2/5/2016 12:00,23.9,
2/6/2016 12:00,27,
2/7/2016 12:00,27.5,
2/8/2016 12:00,23.5,
2/9/2016 12:00,26.5,
2/10/2016 12:00,26,
2/11/2016 12:00,26,
2/12/2016 12:00,25.4,
2/13/2016 12:00,26.5,
2/14/2016 12:00,27,
2/15/2016 12:00,27.8,
2/16/2016 12:00,28.3,
2/17/2016 12:00,27,
2/18/2016 12:00,28.5,
2/19/2016 12:00,29,
2/20/2016 12:00,29.5,
2/21/2016 12:00,31.5,
2/22/2016 12:00,26.2,
2/23/2016 12:00,27.1,
2/24/2016 12:00,28.5,
2/25/2016 12:00,29.3,
2/26/2016 12:00,30,
2/27/2016 12:00,30.8,
2/28/2016 12:00,31,
2/29/2016 12:00,31.5,
3/1/2016 12:00,31,
3/2/2016 12:00,30.5,
3/3/2016 12:00,30.1,
3/4/2016 12:00,29.5,
3/5/2016 12:00,30.8,
3/6/2016 12:00,31.5,
3/7/2016 12:00,31,
3/8/2016 12:00,32.5,
3/9/2016 12:00,33,
3/10/2016 12:00,32,
3/11/2016 12:00,31,
3/12/2016 12:00,31.5,
3/13/2016 12:00,28.3,
3/14/2016 12:00,28.5,
3/15/2016 12:00,31.8,
3/16/2016 12:00,30.5,
3/17/2016 12:00,30.7,
3/18/2016 12:00,30.8,
3/19/2016 12:00,33,
3/20/2016 12:00,32.5,
3/21/2016 12:00,34,
3/22/2016 12:00,30.6,
3/23/2016 12:00,31.2,
3/24/2016 12:00,32,
3/25/2016 12:00,34.8,
3/26/2016 12:00,34,
3/27/2016 12:00,34,
3/28/2016 12:00,28.3,
3/29/2016 12:00,29.9,
3/30/2016 12:00,31.6,
3/31/2016 12:00,31.4,
4/1/2016 12:00,25.8,
4/2/2016 12:00,29.5,
4/3/2016 12:00,32.3,
4/4/2016 12:00,32.3,
4/5/2016 12:00,32.8,
4/6/2016 12:00,33.2,
4/7/2016 12:00,34,
4/8/2016 12:00,37,
4/9/2016 12:00,37,
4/10/2016 12:00,35.5,
4/11/2016 12:00,37,
4/12/2016 12:00,37.3,
4/13/2016 12:00,34.2,
4/14/2016 12:00,35.4,
4/15/2016 12:00,33.5,
4/16/2016 12:00,32.5,
4/17/2016 12:00,31,
4/18/2016 12:00,34,
4/19/2016 12:00,33,
4/20/2016 12:00,32,
4/21/2016 12:00,32.2,
4/22/2016 12:00,32.5,
4/23/2016 12:00,34,
4/24/2016 12:00,37,
4/25/2016 12:00,36.4,
4/26/2016 12:00,35.2,
4/27/2016 12:00,34.3,
4/28/2016 12:00,36.2,
4/29/2016 12:00,36,
4/30/2016 12:00,35,
5/1/2016 12:00,33.5,
5/2/2016 12:00,31.5,
5/3/2016 12:00,33.5,
5/4/2016 12:00,29.8,
5/5/2016 12:00,33.5,
5/6/2016 12:00,31.8,
5/7/2016 12:00,30.8,
5/8/2016 12:00,32.2,
5/9/2016 12:00,33.2,
5/10/2016 12:00,34.4,
5/11/2016 12:00,31.8,
5/12/2016 12:00,32.9,
5/13/2016 12:00,31.5,
5/14/2016 12:00,28.5,
5/15/2016 12:00,31,
5/16/2016 12:00,31.4,
5/17/2016 12:00,33,
5/18/2016 12:00,31,
5/19/2016 12:00,31.5,
5/20/2016 12:00,31,
5/21/2016 12:00,32.4,
5/22/2016 12:00,32.2,
5/23/2016 12:00,33.7,
5/24/2016 12:00,31.2,
5/25/2016 12:00,31.4,
5/26/2016 12:00,30.5,
5/27/2016 12:00,30,
5/28/2016 12:00,31.5,
5/29/2016 12:00,31,
5/30/2016 12:00,32,
5/31/2016 12:00,30.8,
6/1/2016 12:00,32,
6/2/2016 12:00,33.5,
6/3/2016 12:00,34,
6/4/2016 12:00,34,
6/5/2016 12:00,34,
6/6/2016 12:00,32,
6/7/2016 12:00,32,
6/8/2016 12:00,32,
6/9/2016 12:00,31.8,
6/10/2016 12:00,34,
6/11/2016 12:00,32.8,
6/12/2016 12:00,32.5,
6/13/2016 12:00,31,
6/14/2016 12:00,28.4,
6/15/2016 12:00,32,
6/16/2016 12:00,33,
6/17/2016 12:00,32.5,
6/18/2016 12:00,33.3,
6/19/2016 12:00,30,
6/20/2016 12:00,32.3,
6/21/2016 12:00,28.5,
6/22/2016 12:00,28,
6/23/2016 12:00,31,
6/24/2016 12:00,29.3,
6/25/2016 12:00,31.5,
6/26/2016 12:00,33.1,
6/27/2016 12:00,32.8,
6/28/2016 12:00,33.3,
6/29/2016 12:00,34.4,
6/30/2016 12:00,30.8,
7/1/2016 12:00,29.2,
7/2/2016 12:00,31.9,
7/3/2016 12:00,30.5,
7/4/2016 12:00,29.4,
7/5/2016 12:00,30.6,
7/6/2016 12:00,30.8,
7/7/2016 12:00,31,
7/8/2016 12:00,33.8,
7/9/2016 12:00,32.8,
7/10/2016 12:00,32.4,
7/11/2016 12:00,32.5,
7/12/2016 12:00,32.4,
7/13/2016 12:00,32.5,
7/14/2016 12:00,32.5,
7/15/2016 12:00,33.3,
7/16/2016 12:00,33,
7/17/2016 12:00,28.5,
7/18/2016 12:00,30.2,
7/19/2016 12:00,30.5,
7/20/2016 12:00,30.2,
7/21/2016 12:00,29.8,
7/22/2016 12:00,30.8,
7/23/2016 12:00,28.9,
7/24/2016 12:00,29.3,
7/25/2016 12:00,28.4,
7/26/2016 12:00,29.4,
7/27/2016 12:00,28.5,
7/28/2016 12:00,28.5,
7/29/2016 12:00,32,
7/30/2016 12:00,31.8,
7/31/2016 12:00,33.5,
8/1/2016 12:00,33.2,
8/2/2016 12:00,33,
8/3/2016 12:00,33.5,
8/4/2016 12:00,33.7,
8/5/2016 12:00,33,
8/6/2016 12:00,32.5,
8/7/2016 12:00,32.7,
8/8/2016 12:00,33,
8/9/2016 12:00,34,
8/10/2016 12:00,33.5,
8/11/2016 12:00,33.4,
8/12/2016 12:00,31.6,
8/13/2016 12:00,33.5,
8/14/2016 12:00,33.5,
8/15/2016 12:00,33.8,
8/16/2016 12:00,34,
8/17/2016 12:00,32.3,
8/18/2016 12:00,32.8,
8/19/2016 12:00,32,
8/20/2016 12:00,33.2,
8/21/2016 12:00,34.5,
8/22/2016 12:00,29,
8/23/2016 12:00,31.5,
8/24/2016 12:00,33,
8/25/2016 12:00,35.2,
8/26/2016 12:00,32.2,
8/27/2016 12:00,34.4,
8/28/2016 12:00,34.5,
8/29/2016 12:00,31.5,
8/30/2016 12:00,32.5,
8/31/2016 12:00,32,
9/1/2016 12:00,29.8,
9/2/2016 12:00,29.5,
9/3/2016 12:00,30.4,
9/4/2016 12:00,33,
9/5/2016 12:00,31.6,
9/6/2016 12:00,33,
9/7/2016 12:00,31.5,
9/8/2016 12:00,32,
9/9/2016 12:00,32.5,
9/10/2016 12:00,30.8,
9/11/2016 12:00,31,
9/12/2016 12:00,29.4,
9/13/2016 12:00,31,
9/14/2016 12:00,33,
9/15/2016 12:00,33,
9/16/2016 12:00,32.4,
9/17/2016 12:00,31,
9/18/2016 12:00,32.5,
9/19/2016 12:00,32.6,
9/20/2016 12:00,31.5,
9/21/2016 12:00,26.5,
9/22/2016 12:00,32.4,
9/23/2016 12:00,29.3,
9/24/2016 12:00,31,
9/25/2016 12:00,25.2,
9/26/2016 12:00,30,
9/27/2016 12:00,30.8,
9/28/2016 12:00,32.2,
9/29/2016 12:00,32.4,
9/30/2016 12:00,32.5,
10/1/2016 12:00,33.5,
10/2/2016 12:00,33.5,
10/3/2016 12:00,34,
10/4/2016 12:00,32.5,
10/5/2016 12:00,34,
10/6/2016 12:00,33.5,
10/7/2016 12:00,33,
10/8/2016 12:00,31.4,
10/9/2016 12:00,28.5,
10/10/2016 12:00,31.3,
10/11/2016 12:00,31.4,
10/12/2016 12:00,27.2,
10/13/2016 12:00,27,
10/14/2016 12:00,30,
10/15/2016 12:00,31.6,
10/16/2016 12:00,32.5,
10/17/2016 12:00,32.8,
10/18/2016 12:00,33,
10/19/2016 12:00,32.5,
10/20/2016 12:00,32.4,
10/21/2016 12:00,31.5,
10/22/2016 12:00,31,
10/23/2016 12:00,31,
10/24/2016 12:00,31.5,
10/25/2016 12:00,33,
10/26/2016 12:00,32.4,
10/27/2016 12:00,32.2,
10/28/2016 12:00,30.4,
10/29/2016 12:00,30,
10/30/2016 12:00,31,
10/31/2016 12:00,32.5,
11/1/2016 12:00,32,
11/2/2016 12:00,32,
11/3/2016 12:00,32.5,
11/4/2016 12:00,32,
11/5/2016 12:00,30,
11/6/2016 12:00,30,
11/7/2016 12:00,29.3,
11/8/2016 12:00,30,
11/9/2016 12:00,31,
11/10/2016 12:00,30.4,
11/11/2016 12:00,31,
11/12/2016 12:00,31.5,
11/13/2016 12:00,29.5,
11/14/2016 12:00,29,
11/15/2016 12:00,29.4,
11/16/2016 12:00,29.5,
11/17/2016 12:00,29.5,
11/18/2016 12:00,29.5,
11/19/2016 12:00,28.5,
11/20/2016 12:00,28.5,
11/21/2016 12:00,29,
11/22/2016 12:00,28,
11/23/2016 12:00,28.4,
11/24/2016 12:00,28,
11/25/2016 12:00,26.5,
11/26/2016 12:00,28,
11/27/2016 12:00,28.4,
11/28/2016 12:00,28.5,
11/29/2016 12:00,29,
11/30/2016 12:00,28.4,
12/1/2016 12:00,28.5,
12/2/2016 12:00,28,
12/3/2016 12:00,27,
12/4/2016 12:00,26,
12/5/2016 12:00,27,
12/6/2016 12:00,28,
12/7/2016 12:00,29,
12/8/2016 12:00,27,
12/9/2016 12:00,23,
12/10/2016 12:00,24.7,
12/11/2016 12:00,23,
12/12/2016 12:00,24.5,
12/13/2016 12:00,22,
12/14/2016 12:00,25.5,
12/15/2016 12:00,25.4,
12/16/2016 12:00,27.4,
12/17/2016 12:00,27,
12/18/2016 12:00,28.4,
12/19/2016 12:00,27.9,
12/20/2016 12:00,25.5,
12/21/2016 12:00,25.5,
12/22/2016 12:00,27.5,
12/23/2016 12:00,29.4,
12/24/2016 12:00,28,
12/25/2016 12:00,27.2,
12/26/2016 12:00,25.8,
12/27/2016 12:00,23.5,
12/28/2016 12:00,21.5,
12/29/2016 12:00,27.4,
12/30/2016 12:00,28,
12/31/2016 12:00,26.5,
1/1/2017 12:00,27,
1/2/2017 12:00,26.3,
1/3/2017 12:00,28,
1/4/2017 12:00,26.5,
1/5/2017 12:00,22,
1/6/2017 12:00,24,
1/7/2017 12:00,24.5,
1/8/2017 12:00,24.4,
1/9/2017 12:00,25.3,
1/10/2017 12:00,24,
1/11/2017 12:00,22.8,
1/12/2017 12:00,21,
1/13/2017 12:00,21.4,
1/14/2017 12:00,23.5,
1/15/2017 12:00,24.5,
1/16/2017 12:00,23.5,
1/17/2017 12:00,24.4,
1/18/2017 12:00,25.3,
1/19/2017 12:00,26.5,
1/20/2017 12:00,25.7,
1/21/2017 12:00,26.4,
1/22/2017 12:00,27.7,
1/23/2017 12:00,27.3,
1/24/2017 12:00,28.2,
1/25/2017 12:00,28.6,
1/26/2017 12:00,29.5,
1/27/2017 12:00,27.4,
1/28/2017 12:00,24.5,
1/29/2017 12:00,24,
1/30/2017 12:00,25.4,
1/31/2017 12:00,21.5,
2/1/2017 12:00,26.5,
2/2/2017 12:00,22.7,
2/3/2017 12:00,26.9,
2/4/2017 12:00,30,
2/5/2017 12:00,29.6,
2/6/2017 12:00,28.3,
2/7/2017 12:00,26.2,
2/8/2017 12:00,25.3,
2/9/2017 12:00,26.8,
2/10/2017 12:00,27.2,
2/11/2017 12:00,26,
2/12/2017 12:00,27.8,
2/13/2017 12:00,27.4,
2/14/2017 12:00,27,
2/15/2017 12:00,28.5,
2/16/2017 12:00,27.4,
2/17/2017 12:00,28.8,
2/18/2017 12:00,30.2,
2/19/2017 12:00,29.5,
2/20/2017 12:00,28.5,
2/21/2017 12:00,28.4,
2/22/2017 12:00,28.5,
2/23/2017 12:00,27.3,
2/24/2017 12:00,26.4,
2/25/2017 12:00,26.5,
2/26/2017 12:00,27,
2/27/2017 12:00,27.4,
2/28/2017 12:00,28,
3/1/2017 12:00,29.2,
3/2/2017 12:00,30,
3/3/2017 12:00,32.7,
3/4/2017 12:00,30.8,
3/5/2017 12:00,32,
3/6/2017 12:00,29.5,
3/7/2017 12:00,29,
3/8/2017 12:00,30,
3/9/2017 12:00,29.5,
3/10/2017 12:00,29.8,
3/11/2017 12:00,19.8,
3/12/2017 12:00,25.8,
3/13/2017 12:00,25.9,
3/14/2017 12:00,27.4,
3/15/2017 12:00,27.8,
3/16/2017 12:00,28.4,
3/17/2017 12:00,29,
3/18/2017 12:00,28,
3/19/2017 12:00,26.5,
3/20/2017 12:00,26.3,
3/21/2017 12:00,26.5,
3/22/2017 12:00,29.2,
3/23/2017 12:00,31,
3/24/2017 12:00,32,
3/25/2017 12:00,29.4,
3/26/2017 12:00,28,
3/27/2017 12:00,31,
3/28/2017 12:00,31,
3/29/2017 12:00,27.4,
3/30/2017 12:00,25.7,
3/31/2017 12:00,32,
4/1/2017 12:00,30.8,
4/2/2017 12:00,31.4,
4/3/2017 12:00,34,
4/4/2017 12:00,26.5,
4/5/2017 12:00,30,
4/6/2017 12:00,30.5,
4/7/2017 12:00,31.8,
4/8/2017 12:00,36.3,
4/9/2017 12:00,35,
4/10/2017 12:00,32.7,
4/11/2017 12:00,33,
4/12/2017 12:00,32.5,
4/13/2017 12:00,34.5,
4/14/2017 12:00,34.3,
4/15/2017 12:00,30,
4/16/2017 12:00,30,
4/17/2017 12:00,32.6,
4/18/2017 12:00,34.2,
4/19/2017 12:00,33,
4/20/2017 12:00,25.4,
4/21/2017 12:00,28.9,
4/22/2017 12:00,29.5,
4/23/2017 12:00,29.5,
4/24/2017 12:00,31.8,
4/25/2017 12:00,33,
4/26/2017 12:00,34,
4/27/2017 12:00,36,
4/28/2017 12:00,33.8,
4/29/2017 12:00,31,
4/30/2017 12:00,32.9,
5/1/2017 12:00,29,
5/2/2017 12:00,31.5,
5/3/2017 12:00,33.4,
5/4/2017 12:00,31,
5/5/2017 12:00,33.3,
5/6/2017 12:00,30,
5/7/2017 12:00,31.9,
5/8/2017 12:00,33.3,
5/9/2017 12:00,27.8,
5/10/2017 12:00,31.8,
5/11/2017 12:00,31.5,
5/12/2017 12:00,32.5,
5/13/2017 12:00,34.2,
5/14/2017 12:00,33,
5/15/2017 12:00,33,
5/16/2017 12:00,32.9,
5/17/2017 12:00,33,
5/18/2017 12:00,33.4,
5/19/2017 12:00,33.4,
5/20/2017 12:00,34,
5/21/2017 12:00,32.5,
5/22/2017 12:00,33.8,
5/23/2017 12:00,34,
5/24/2017 12:00,35,
5/25/2017 12:00,34.2,
5/26/2017 12:00,29,
5/27/2017 12:00,31,
5/28/2017 12:00,33.5,
5/29/2017 12:00,35.4,
5/30/2017 12:00,29,
5/31/2017 12:00,31.5,
6/1/2017 12:00,34,
6/2/2017 12:00,31.5,
6/3/2017 12:00,32.2,
6/4/2017 12:00,34.2,
6/5/2017 12:00,32.4,
6/6/2017 12:00,33.7,
6/7/2017 12:00,34.3,
6/8/2017 12:00,27.7,
6/9/2017 12:00,32.9,
6/10/2017 12:00,33.5,
6/11/2017 12:00,33.4,
6/12/2017 12:00,32.6,
6/13/2017 12:00,33,
6/14/2017 12:00,33.2,
6/15/2017 12:00,33,
6/17/2017 12:00,33,
6/18/2017 12:00,35,
6/19/2017 12:00,33,
6/20/2017 12:00,30.4,
6/21/2017 12:00,31.7,
6/22/2017 12:00,30.5,
6/23/2017 12:00,33,
6/24/2017 12:00,33.9,
6/25/2017 12:00,33.7,
6/26/2017 12:00,33,
6/27/2017 12:00,34.5,
6/28/2017 12:00,33,
6/29/2017 12:00,32.5,
6/30/2017 12:00,33,
7/1/2017 12:00,31.2,
7/2/2017 12:00,33.4,
7/3/2017 12:00,33.5,
7/4/2017 12:00,30.4,
7/5/2017 12:00,33,
7/6/2017 12:00,32,
7/7/2017 12:00,34,
7/8/2017 12:00,33.4,
7/9/2017 12:00,29,
7/10/2017 12:00,29.4,
7/11/2017 12:00,29.3,
7/12/2017 12:00,31,
7/13/2017 12:00,34.6,
7/14/2017 12:00,33.3,
7/15/2017 12:00,33.5,
7/16/2017 12:00,35.8,
7/17/2017 12:00,36.9,
7/18/2017 12:00,37.4,
7/19/2017 12:00,32.4,
7/20/2017 12:00,32.5,
7/21/2017 12:00,33.4,
7/22/2017 12:00,34.9,
7/23/2017 12:00,34.4,
7/24/2017 12:00,33,
7/25/2017 12:00,30.5,
7/26/2017 12:00,32,
7/27/2017 12:00,33.7,
7/28/2017 12:00,32.5,
7/29/2017 12:00,32.9,
7/30/2017 12:00,33,
7/31/2017 12:00,32,
8/1/2017 12:00,34,
8/2/2017 12:00,32,
8/3/2017 12:00,31,
8/4/2017 12:00,32.4,
8/5/2017 12:00,33,
8/6/2017 12:00,32.4,
8/7/2017 12:00,31.4,
8/8/2017 12:00,31,
8/9/2017 12:00,32,
8/10/2017 12:00,28,
8/11/2017 12:00,28.4,
8/12/2017 12:00,25.2,
8/13/2017 12:00,28.4,
8/14/2017 12:00,32,
8/15/2017 12:00,32.4,
8/16/2017 12:00,31.4,
8/17/2017 12:00,33,
8/18/2017 12:00,32.5,
8/19/2017 12:00,33,
8/20/2017 12:00,31.4,
8/21/2017 12:00,33.4,
8/22/2017 12:00,32.4,
8/23/2017 12:00,34.2,
8/24/2017 12:00,31.3,
8/25/2017 12:00,33,
8/26/2017 12:00,34,
8/27/2017 12:00,29.4,
8/28/2017 12:00,32.5,
8/29/2017 12:00,33.5,
8/30/2017 12:00,33.9,
8/31/2017 12:00,31.4,
9/1/2017 12:00,32.6,
9/2/2017 12:00,30.2,
9/3/2017 12:00,31,
9/4/2017 12:00,32.7,
9/5/2017 12:00,33,
9/6/2017 12:00,34,
9/7/2017 12:00,34,
9/8/2017 12:00,34,
9/9/2017 12:00,33.4,
9/10/2017 12:00,34.2,
9/11/2017 12:00,30.5,
9/12/2017 12:00,32,
9/13/2017 12:00,32.5,
9/14/2017 12:00,33,
9/15/2017 12:00,33.4,
9/16/2017 12:00,34.7,
9/17/2017 12:00,36,
9/18/2017 12:00,32.4,
9/19/2017 12:00,35,
9/20/2017 12:00,31.3,
9/21/2017 12:00,32.5,
9/22/2017 12:00,32.8,
9/23/2017 12:00,33.4,
9/24/2017 12:00,33.4,
9/25/2017 12:00,32.3,
9/26/2017 12:00,34,
9/27/2017 12:00,34.7,
9/28/2017 12:00,35,
9/29/2017 12:00,33,
9/30/2017 12:00,32,
10/1/2017 12:00,33.5,
10/2/2017 12:00,30.2,
10/3/2017 12:00,33.8,
10/4/2017 12:00,33.6,
10/5/2017 12:00,35.8,
10/6/2017 12:00,35.5,
10/7/2017 12:00,35,
10/8/2017 12:00,33.9,
10/9/2017 12:00,35,
10/10/2017 12:00,29,
10/11/2017 12:00,30,
10/12/2017 12:00,34.4,
10/13/2017 12:00,34,
10/14/2017 12:00,31,
10/15/2017 12:00,33,
10/16/2017 12:00,32.5,
10/17/2017 12:00,34,
10/18/2017 12:00,35,
10/19/2017 12:00,34.5,
10/20/2017 12:00,31,
10/21/2017 12:00,31.4,
10/22/2017 12:00,27,
10/23/2017 12:00,30.4,
10/24/2017 12:00,31.2,
10/25/2017 12:00,31,
10/26/2017 12:00,30.3,
10/27/2017 12:00,29.9,
10/28/2017 12:00,30.9,
10/29/2017 12:00,32,
10/30/2017 12:00,30.5,
10/31/2017 12:00,29,
11/1/2017 12:00,30,
11/2/2017 12:00,31,
11/3/2017 12:00,31.5,
11/4/2017 12:00,32.7,
11/5/2017 12:00,33,
11/6/2017 12:00,32.4,
11/7/2017 12:00,31.9,
11/8/2017 12:00,31.9,
11/9/2017 12:00,31.8,
11/10/2017 12:00,31.5,
11/11/2017 12:00,32.5,
11/12/2017 12:00,31,
11/13/2017 12:00,31.4,
11/14/2017 12:00,30.5,
11/15/2017 12:00,30,
11/16/2017 12:00,30.2,
11/17/2017 12:00,30.9,
11/18/2017 12:00,31,
11/19/2017 12:00,30.5,
11/20/2017 12:00,30,
11/21/2017 12:00,27.5,
11/22/2017 12:00,27,
11/23/2017 12:00,28.8,
11/24/2017 12:00,28.5,
11/25/2017 12:00,28,
11/26/2017 12:00,29,
11/27/2017 12:00,28,
11/28/2017 12:00,27,
11/29/2017 12:00,25.7,
11/30/2017 12:00,26.9,
12/1/2017 12:00,29,
12/2/2017 12:00,29.3,
12/3/2017 12:00,28.5,
12/4/2017 12:00,28.5,
12/5/2017 12:00,28,
12/6/2017 12:00,28.5,
12/7/2017 12:00,29,
12/8/2017 12:00,29,
12/9/2017 12:00,29.3,
12/10/2017 12:00,29.9,
12/11/2017 12:00,29.5,
12/12/2017 12:00,29,
12/13/2017 12:00,27.4,
12/14/2017 12:00,26,
12/15/2017 12:00,24.8,
12/16/2017 12:00,25,
12/17/2017 12:00,25,
12/18/2017 12:00,24,
12/19/2017 12:00,25.9,
12/20/2017 12:00,28.3,
12/21/2017 12:00,28,
12/22/2017 12:00,27,
12/23/2017 12:00,25.5,
12/24/2017 12:00,25.7,
12/25/2017 12:00,26.9,
12/26/2017 12:00,27,
12/27/2017 12:00,24.3,
12/28/2017 12:00,26,
12/29/2017 12:00,26.2,
12/30/2017 12:00,27.3,
12/31/2017 12:00,27.5,
1/1/2018 12:00,25.5,
1/2/2018 12:00,24,
1/3/2018 12:00,15.5,
1/4/2018 12:00,20,
1/5/2018 12:00,23,
1/6/2018 12:00,11.5,
1/7/2018 12:00,14,
1/8/2018 12:00,21,
1/9/2018 12:00,23,
1/10/2018 12:00,18.4,
1/11/2018 12:00,20.5,
1/12/2018 12:00,21,
1/13/2018 12:00,21.5,
1/14/2018 12:00,22,
1/15/2018 12:00,19.5,
1/16/2018 12:00,24,
1/17/2018 12:00,25,
1/18/2018 12:00,21.5,
1/19/2018 12:00,22.5,
1/20/2018 12:00,24,
1/21/2018 12:00,24.5,
1/22/2018 12:00,24.5,
1/23/2018 12:00,25.7,
1/24/2018 12:00,22.9,
1/25/2018 12:00,24.9,
1/26/2018 12:00,20.4,
1/27/2018 12:00,21,
1/28/2018 12:00,20.5,
1/29/2018 12:00,22,
1/30/2018 12:00,22,
1/31/2018 12:00,23.4,
2/1/2018 12:00,25,
2/2/2018 12:00,24,
2/3/2018 12:00,23.5,
2/4/2018 12:00,24.2,
2/5/2018 12:00,24,
2/6/2018 12:00,24.4,
2/7/2018 12:00,22.5,
2/8/2018 12:00,23.5,
2/9/2018 12:00,26,
2/10/2018 12:00,23,
2/11/2018 12:00,25.8,
2/12/2018 12:00,26.4,
2/13/2018 12:00,26,
2/14/2018 12:00,27.4,
2/15/2018 12:00,25.8,
2/16/2018 12:00,26.5,
2/17/2018 12:00,26.8,
2/18/2018 12:00,26.4,
2/19/2018 12:00,26.8,
2/20/2018 12:00,28,
2/21/2018 12:00,27.5,
2/22/2018 12:00,27.2,
2/23/2018 12:00,28,
2/24/2018 12:00,29,
2/25/2018 12:00,29,
2/26/2018 12:00,28.5,
2/27/2018 12:00,27,
2/28/2018 12:00,29,
3/1/2018 12:00,26.5,
3/2/2018 12:00,28.5,
3/3/2018 12:00,29,
3/4/2018 12:00,29.5,
3/5/2018 12:00,29.5,
3/6/2018 12:00,31.7,
3/7/2018 12:00,30.5,
3/8/2018 12:00,30.5,
3/9/2018 12:00,31.4,
3/10/2018 12:00,31,
3/11/2018 12:00,31,
3/12/2018 12:00,30,
3/13/2018 12:00,29,
3/14/2018 12:00,30.9,
3/15/2018 12:00,29.4,
3/16/2018 12:00,34.3,
3/17/2018 12:00,33,
3/18/2018 12:00,31.5,
3/19/2018 12:00,32,
3/20/2018 12:00,31,
3/21/2018 12:00,32.2,
3/22/2018 12:00,33.5,
3/23/2018 12:00,33.5,
3/24/2018 12:00,34.5,
3/25/2018 12:00,33.4,
3/26/2018 12:00,33.2,
3/27/2018 12:00,32,
3/28/2018 12:00,32,
3/29/2018 12:00,32.5,
3/30/2018 12:00,28.9,
3/31/2018 12:00,29,
4/1/2018 12:00,32.8,
4/2/2018 12:00,35,
4/3/2018 12:00,35.2,
4/4/2018 12:00,35,
4/5/2018 12:00,30.2,
4/6/2018 12:00,31.3,
4/7/2018 12:00,32,
4/8/2018 12:00,34.5,
4/9/2018 12:00,28.5,
4/10/2018 12:00,31.4,
4/11/2018 12:00,30.3,
4/12/2018 12:00,30.6,
4/13/2018 12:00,32,
4/14/2018 12:00,33.5,
4/15/2018 12:00,32.9,
4/16/2018 12:00,33.5,
4/17/2018 12:00,33,
4/18/2018 12:00,32,
4/19/2018 12:00,31,
4/20/2018 12:00,31.5,
4/21/2018 12:00,33.2,
4/22/2018 12:00,32.5,
4/23/2018 12:00,33.5,
4/24/2018 12:00,34,
4/25/2018 12:00,32.5,
4/26/2018 12:00,29.9,
4/27/2018 12:00,32.5,
4/28/2018 12:00,32.4,
4/29/2018 12:00,31,
4/30/2018 12:00,27,
5/1/2018 12:00,31.5,
5/2/2018 12:00,31,
5/3/2018 12:00,32.9,
5/4/2018 12:00,29,
5/5/2018 12:00,31.5,
5/6/2018 12:00,32,
5/7/2018 12:00,31.5,
5/8/2018 12:00,32.5,
5/9/2018 12:00,34.2,
5/10/2018 12:00,33,
5/11/2018 12:00,31.5,
5/12/2018 12:00,33.2,
5/13/2018 12:00,32.5,
5/14/2018 12:00,29.5,
5/15/2018 12:00,31.7,
5/16/2018 12:00,32,
5/17/2018 12:00,32,
5/18/2018 12:00,33.9,
5/19/2018 12:00,32.4,
5/20/2018 12:00,33.5,
5/21/2018 12:00,33.9,
5/22/2018 12:00,33.2,
5/23/2018 12:00,33.5,
5/24/2018 12:00,33,
5/25/2018 12:00,33.4,
5/26/2018 12:00,33,
5/27/2018 12:00,34,
5/28/2018 12:00,33,
5/29/2018 12:00,33.5,
5/30/2018 12:00,35.3,
5/31/2018 12:00,35,
6/1/2018 12:00,33.5,
6/2/2018 12:00,34,
6/3/2018 12:00,34.3,
6/4/2018 12:00,34.9,
6/5/2018 12:00,36.3,
6/6/2018 12:00,35.5,
6/7/2018 12:00,35.5,
6/8/2018 12:00,28.3,
6/9/2018 12:00,35.5,
6/10/2018 12:00,37.9,
6/11/2018 12:00,36,
6/12/2018 12:00,30,
6/13/2018 12:00,33.3,
6/14/2018 12:00,32,
6/15/2018 12:00,34,
6/16/2018 12:00,30.5,
6/17/2018 12:00,30.4,
6/18/2018 12:00,31.5,
6/19/2018 12:00,34,
6/20/2018 12:00,34,
6/21/2018 12:00,33.8,
6/22/2018 12:00,32.5,
6/23/2018 12:00,31,
6/24/2018 12:00,33,
6/25/2018 12:00,31,
6/26/2018 12:00,30,
6/27/2018 12:00,33,
6/28/2018 12:00,34,
6/29/2018 12:00,33.3,
6/30/2018 12:00,34.5,
7/1/2018 12:00,28.5,
7/2/2018 12:00,27,
7/3/2018 12:00,29.4,
7/4/2018 12:00,30,
7/5/2018 12:00,31,
7/6/2018 12:00,33.9,
7/7/2018 12:00,34,
7/8/2018 12:00,33.5,
7/9/2018 12:00,32,
7/10/2018 12:00,32.3,
7/11/2018 12:00,33,
7/12/2018 12:00,34,
7/13/2018 12:00,33.4,
7/14/2018 12:00,33.6,
7/15/2018 12:00,34,
7/16/2018 12:00,34,
7/17/2018 12:00,33.5,
7/18/2018 12:00,33.8,
7/19/2018 12:00,36.2,
7/20/2018 12:00,38.7,
7/21/2018 12:00,34.6,
7/22/2018 12:00,33.5,
7/23/2018 12:00,34.5,
7/24/2018 12:00,33,
7/25/2018 12:00,32,
7/26/2018 12:00,32.2,
7/27/2018 12:00,33.9,
7/28/2018 12:00,33.4,
7/29/2018 12:00,32,
7/30/2018 12:00,30.4,
7/31/2018 12:00,31,
8/1/2018 12:00,31.5,
8/2/2018 12:00,31,
8/3/2018 12:00,30,
8/4/2018 12:00,33,
8/5/2018 12:00,33,
8/6/2018 12:00,32,
8/7/2018 12:00,33.5,
8/8/2018 12:00,32.2,
8/9/2018 12:00,34.2,
8/10/2018 12:00,32,
8/11/2018 12:00,32.4,
8/12/2018 12:00,31.5,
8/13/2018 12:00,32,
8/14/2018 12:00,33.5,
8/15/2018 12:00,34,
8/16/2018 12:00,31.5,
8/17/2018 12:00,34,
8/18/2018 12:00,35,
8/19/2018 12:00,36,
8/20/2018 12:00,31.5,
8/21/2018 12:00,33.5,
8/22/2018 12:00,32,
8/23/2018 12:00,32.4,
8/24/2018 12:00,30.5,
8/25/2018 12:00,32.5,
8/26/2018 12:00,33,
8/27/2018 12:00,32,
8/28/2018 12:00,32,
8/29/2018 12:00,33.5,
8/30/2018 12:00,31.9,
8/31/2018 12:00,33.4,
9/1/2018 12:00,33.5,
9/2/2018 12:00,31.7,
9/3/2018 12:00,33,
9/4/2018 12:00,33,
9/5/2018 12:00,33.9,
9/6/2018 12:00,30.5,
9/7/2018 12:00,33,
9/8/2018 12:00,32.9,
9/9/2018 12:00,33,
9/10/2018 12:00,26.4,
9/11/2018 12:00,30.2,
9/12/2018 12:00,30.9,
9/13/2018 12:00,29.5,
9/14/2018 12:00,30,
9/15/2018 12:00,31.5,
9/16/2018 12:00,32.4,
9/17/2018 12:00,33.4,
9/18/2018 12:00,33.5,
9/19/2018 12:00,34,
9/20/2018 12:00,30.5,
9/21/2018 12:00,33,
9/22/2018 12:00,31.5,
9/23/2018 12:00,32,
9/24/2018 12:00,31.5,
9/25/2018 12:00,33,
9/26/2018 12:00,32.5,
9/27/2018 12:00,32.4,
9/28/2018 12:00,33.4,
9/29/2018 12:00,32.4,
9/30/2018 12:00,32,
10/1/2018 12:00,31.4,
10/2/2018 12:00,32,
10/3/2018 12:00,31.9,
10/4/2018 12:00,31.5,
10/5/2018 12:00,31,
10/6/2018 12:00,31,
10/7/2018 12:00,30.5,
10/8/2018 12:00,30.5,
10/9/2018 12:00,30.5,
10/10/2018 12:00,31,
10/11/2018 12:00,30,
10/12/2018 12:00,27,
10/13/2018 12:00,30,
10/14/2018 12:00,30,
10/15/2018 12:00,30,
10/16/2018 12:00,30.2,
10/17/2018 12:00,29.5,
10/18/2018 12:00,29.9,
10/19/2018 12:00,29.5,
10/20/2018 12:00,29.5,
10/21/2018 12:00,29.3,
10/22/2018 12:00,30,
10/23/2018 12:00,30.5,
10/24/2018 12:00,30,
10/25/2018 12:00,29.7,
10/26/2018 12:00,31.3,
10/27/2018 12:00,32,
10/28/2018 12:00,31.5,
10/29/2018 12:00,31,
10/30/2018 12:00,31.2,
10/31/2018 12:00,31.4,
11/1/2018 12:00,31.5,
11/2/2018 12:00,30.4,
11/3/2018 12:00,31,
11/4/2018 12:00,30.4,
11/5/2018 12:00,29,
11/6/2018 12:00,29,
11/7/2018 12:00,28,
11/8/2018 12:00,28.5,
11/9/2018 12:00,29,
11/10/2018 12:00,29.5,
11/11/2018 12:00,30.5,
11/12/2018 12:00,29.5,
11/13/2018 12:00,29,
11/14/2018 12:00,28.4,
11/15/2018 12:00,26.5,
11/16/2018 12:00,27.4,
11/17/2018 12:00,25.5,
11/18/2018 12:00,26,
11/19/2018 12:00,26.4,
11/20/2018 12:00,26,
11/21/2018 12:00,26,
11/22/2018 12:00,26.5,
11/23/2018 12:00,28,
11/24/2018 12:00,28,
11/25/2018 12:00,28.4,
11/26/2018 12:00,28,
11/27/2018 12:00,29,
11/28/2018 12:00,27.5,
11/29/2018 12:00,28,
11/30/2018 12:00,27,
12/1/2018 12:00,26.3,
12/2/2018 12:00,26.5,
12/3/2018 12:00,25.5,
12/4/2018 12:00,27.2,
12/5/2018 12:00,25.3,
12/6/2018 12:00,26.5,
12/7/2018 12:00,25.5,
12/8/2018 12:00,25.5,
12/9/2018 12:00,27.5,
12/10/2018 12:00,27,
12/11/2018 12:00,28,
12/12/2018 12:00,28.5,
12/13/2018 12:00,28,
12/14/2018 12:00,28.4,
12/15/2018 12:00,28.4,
12/16/2018 12:00,29.5,
12/17/2018 12:00,24,
12/18/2018 12:00,17.9,
12/19/2018 12:00,21.2,
12/20/2018 12:00,23,
12/21/2018 12:00,25.7,
12/22/2018 12:00,25.5,
12/23/2018 12:00,27,
12/24/2018 12:00,26.5,
12/25/2018 12:00,24,
12/26/2018 12:00,23.5,
12/27/2018 12:00,24.5,
12/28/2018 12:00,20.5,
12/29/2018 12:00,23.4,
12/30/2018 12:00,25.5,
12/31/2018 12:00,24.5,
1/1/2019 12:00,25.2,
1/2/2019 12:00,25.5,
1/3/2019 12:00,25,
1/4/2019 12:00,23.4,
1/5/2019 12:00,24.9,
1/6/2019 12:00,27,
1/7/2019 12:00,27,
1/8/2019 12:00,26.4,
1/9/2019 12:00,23,
1/10/2019 12:00,23,
1/11/2019 12:00,24,
1/12/2019 12:00,25,
1/13/2019 12:00,27,
1/14/2019 12:00,25.2,
1/15/2019 12:00,21.4,
1/16/2019 12:00,25.3,
1/17/2019 12:00,25.4,
1/18/2019 12:00,25.4,
1/19/2019 12:00,25,
1/20/2019 12:00,26.4,
1/21/2019 12:00,26,
1/22/2019 12:00,26.9,
1/23/2019 12:00,22.2,
1/24/2019 12:00,26,
1/25/2019 12:00,24,
1/26/2019 12:00,27.5,
1/27/2019 12:00,27.5,
1/28/2019 12:00,25.2,
1/29/2019 12:00,23.2,
1/30/2019 12:00,24.5,
1/31/2019 12:00,24.5,
2/1/2019 12:00,26.7,
2/2/2019 12:00,26.9,
2/3/2019 12:00,26.6,
2/4/2019 12:00,25.4,
2/5/2019 12:00,25.5,
2/6/2019 12:00,26,
2/7/2019 12:00,26.7,
2/8/2019 12:00,23.4,
2/9/2019 12:00,20,
2/10/2019 12:00,23.4,
2/11/2019 12:00,25.4,
2/12/2019 12:00,27.4,
2/13/2019 12:00,28.9,
2/14/2019 12:00,28,
2/15/2019 12:00,24.5,
2/16/2019 12:00,27,
2/17/2019 12:00,24,
2/18/2019 12:00,19.2,
2/19/2019 12:00,24,
2/20/2019 12:00,25.9,
2/21/2019 12:00,26.4,
2/22/2019 12:00,27.5,
2/23/2019 12:00,28.5,
2/24/2019 12:00,26,
2/25/2019 12:00,26.7,
2/26/2019 12:00,27.2,
2/27/2019 12:00,25,
2/28/2019 12:00,22.8,
3/1/2019 12:00,23.5,
3/2/2019 12:00,24.9,
3/3/2019 12:00,26.6,
3/4/2019 12:00,26.9,
3/5/2019 12:00,26.5,
3/6/2019 12:00,27.5,
3/7/2019 12:00,26.8,
3/8/2019 12:00,27,
3/9/2019 12:00,27.5,
3/10/2019 12:00,28.8,
3/11/2019 12:00,29.4,
3/12/2019 12:00,31,
3/13/2019 12:00,31,
3/14/2019 12:00,32.4,
3/15/2019 12:00,32.8,
3/16/2019 12:00,32.9,
3/17/2019 12:00,30.8,
3/18/2019 12:00,31.4,
3/19/2019 12:00,30.9,
3/20/2019 12:00,30.5,
3/21/2019 12:00,31.5,
3/22/2019 12:00,32.4,
3/23/2019 12:00,30,
3/24/2019 12:00,30.5,
3/25/2019 12:00,31,
3/26/2019 12:00,25.5,
3/27/2019 12:00,29.5,
3/28/2019 12:00,31.5,
3/29/2019 12:00,31,
3/30/2019 12:00,32.4,
3/31/2019 12:00,30,
4/1/2019 12:00,29,
4/2/2019 12:00,30.5,
4/3/2019 12:00,29.5,
4/4/2019 12:00,31.4,
4/5/2019 12:00,30.7,
4/6/2019 12:00,26.5,
4/7/2019 12:00,30.4,
4/8/2019 12:00,30.5,
4/9/2019 12:00,29,
4/10/2019 12:00,31.4,
4/11/2019 12:00,32.4,
4/12/2019 12:00,34,
4/13/2019 12:00,34.5,
4/14/2019 12:00,32,
4/15/2019 12:00,32.5,
4/16/2019 12:00,33.7,
4/17/2019 12:00,32,
4/18/2019 12:00,33.4,
4/19/2019 12:00,34,
4/20/2019 12:00,34.4,
4/21/2019 12:00,32.4,
4/22/2019 12:00,30.3,
4/23/2019 12:00,33.5,
4/24/2019 12:00,34,
4/25/2019 12:00,35.5,
4/26/2019 12:00,35.5,
4/27/2019 12:00,35,
4/28/2019 12:00,31.5,
4/29/2019 12:00,32.5,
4/30/2019 12:00,32.9,
5/1/2019 12:00,32.2,
5/2/2019 12:00,32.6,
5/3/2019 12:00,29.9,
5/4/2019 12:00,28,
5/5/2019 12:00,33.9,
5/6/2019 12:00,34.5,
5/7/2019 12:00,33.5,
5/8/2019 12:00,33.2,
5/9/2019 12:00,33.4,
5/10/2019 12:00,34,
5/11/2019 12:00,33.5,
5/12/2019 12:00,34.5,
5/13/2019 12:00,33.5,
5/14/2019 12:00,31.5,
5/15/2019 12:00,32.4,
5/16/2019 12:00,32,
5/17/2019 12:00,33.2,
5/18/2019 12:00,33,
5/19/2019 12:00,34.9,
5/20/2019 12:00,35.2,
5/21/2019 12:00,33.1,
5/22/2019 12:00,33.5,
5/23/2019 12:00,32.1,
5/24/2019 12:00,31.3,
5/25/2019 12:00,30.9,
5/26/2019 12:00,32.3,
5/27/2019 12:00,34.9,
5/28/2019 12:00,33.3,
5/29/2019 12:00,34,
5/30/2019 12:00,32.4,
5/31/2019 12:00,29.5,
6/1/2019 12:00,32.5,
6/2/2019 12:00,31,
6/3/2019 12:00,33.3,
6/4/2019 12:00,34,
6/5/2019 12:00,35,
6/6/2019 12:00,34,
6/7/2019 12:00,33.5,
6/8/2019 12:00,33,
6/9/2019 12:00,34,
6/10/2019 12:00,33,
6/11/2019 12:00,33.4,
6/12/2019 12:00,35.4,
6/13/2019 12:00,36,
6/14/2019 12:00,36.4,
6/15/2019 12:00,34,
6/16/2019 12:00,33.2,
6/17/2019 12:00,33.2,
6/18/2019 12:00,33.5,
6/19/2019 12:00,35.4,
6/20/2019 12:00,33.9,
6/21/2019 12:00,35.4,
6/22/2019 12:00,34,
6/23/2019 12:00,34.5,
6/24/2019 12:00,36,
6/25/2019 12:00,34.5,
6/26/2019 12:00,32,
6/27/2019 12:00,30.6,
6/28/2019 12:00,33,
6/29/2019 12:00,33.5,
6/30/2019 12:00,35,
7/1/2019 12:00,37.5,
7/2/2019 12:00,35,
7/3/2019 12:00,34,
7/4/2019 12:00,34.7,
7/5/2019 12:00,35.4,
7/6/2019 12:00,34.9,
7/7/2019 12:00,32.5,
7/8/2019 12:00,32.4,
7/9/2019 12:00,30.5,
7/10/2019 12:00,29.5,
7/11/2019 12:00,27.5,
7/12/2019 12:00,27.4,
7/13/2019 12:00,26.5,
7/14/2019 12:00,26.5,
7/15/2019 12:00,27.7,
7/16/2019 12:00,29.5,
7/17/2019 12:00,32.4,
7/18/2019 12:00,33,
7/19/2019 12:00,34.9,
7/20/2019 12:00,33,
7/21/2019 12:00,32.5,
7/22/2019 12:00,29.5,
7/23/2019 12:00,30,
7/24/2019 12:00,28,
7/25/2019 12:00,29.5,
7/26/2019 12:00,30.8,
7/27/2019 12:00,31.9,
7/28/2019 12:00,33,
7/29/2019 12:00,33,
7/30/2019 12:00,34,
7/31/2019 12:00,33,
8/1/2019 12:00,34,
8/2/2019 12:00,33.5,
8/3/2019 12:00,33.9,
8/4/2019 12:00,33.7,
8/5/2019 12:00,33.2,
8/6/2019 12:00,37.4,
8/7/2019 12:00,34.5,
8/8/2019 12:00,34,
8/9/2019 12:00,33.4,
8/10/2019 12:00,32.6,
8/11/2019 12:00,34.9,
8/12/2019 12:00,36.5,
8/13/2019 12:00,33.2,
8/14/2019 12:00,33.5,
8/15/2019 12:00,33,
8/16/2019 12:00,31,
8/17/2019 12:00,31,
8/18/2019 12:00,32.5,
8/19/2019 12:00,32,
8/20/2019 12:00,32.6,
8/21/2019 12:00,33,
8/22/2019 12:00,35,
8/23/2019 12:00,34,
8/24/2019 12:00,32.5,
8/25/2019 12:00,33.5,
8/26/2019 12:00,35.2,
8/27/2019 12:00,34.5,
8/28/2019 12:00,35.5,
8/29/2019 12:00,33,
8/30/2019 12:00,34,
8/31/2019 12:00,31,
9/1/2019 12:00,35.6,
9/2/2019 12:00,36,
9/3/2019 12:00,33.8,
9/4/2019 12:00,33.5,
9/5/2019 12:00,33.5,
9/6/2019 12:00,33.8,
9/7/2019 12:00,33.7,
9/8/2019 12:00,33,
9/9/2019 12:00,33.7,
9/10/2019 12:00,33,
9/11/2019 12:00,33.2,
9/12/2019 12:00,33.5,
9/13/2019 12:00,32,
9/14/2019 12:00,32.4,
9/15/2019 12:00,32.4,
9/16/2019 12:00,31.9,
9/17/2019 12:00,29.5,
9/18/2019 12:00,29,
9/19/2019 12:00,33.4,
9/20/2019 12:00,33.4,
9/21/2019 12:00,33.4,
9/22/2019 12:00,33.7,
9/23/2019 12:00,31,
9/24/2019 12:00,30.5,
9/25/2019 12:00,26.5,
9/26/2019 12:00,29.9,
9/27/2019 12:00,30.5,
9/28/2019 12:00,23.5,
9/29/2019 12:00,23,
9/30/2019 12:00,27,
10/1/2019 12:00,29.9,
10/2/2019 12:00,31,
10/3/2019 12:00,30.5,
10/4/2019 12:00,30.7,
10/5/2019 12:00,30.5,
10/6/2019 12:00,31.5,
10/7/2019 12:00,32,
10/8/2019 12:00,30,
10/9/2019 12:00,30.8,
10/10/2019 12:00,31.3,
10/11/2019 12:00,31,
10/12/2019 12:00,31,
10/13/2019 12:00,30.4,
10/14/2019 12:00,31.5,
10/15/2019 12:00,32.2,
10/16/2019 12:00,32,
10/17/2019 12:00,32.4,
10/18/2019 12:00,32,
10/19/2019 12:00,31,
10/20/2019 12:00,27.5,
10/21/2019 12:00,28,
10/22/2019 12:00,29.5,
10/23/2019 12:00,28,
10/24/2019 12:00,26.5,
10/25/2019 12:00,25,
10/26/2019 12:00,25.9,
10/27/2019 12:00,27.5,
10/28/2019 12:00,29.5,
10/29/2019 12:00,31.4,
10/30/2019 12:00,31,
10/31/2019 12:00,31,
11/1/2019 12:00,30.5,
11/2/2019 12:00,31.5,
11/3/2019 12:00,32,
11/4/2019 12:00,32,
11/5/2019 12:00,30.5,
11/6/2019 12:00,29,
11/7/2019 12:00,29.9,
11/8/2019 12:00,30.4,
11/9/2019 12:00,30.6,
11/10/2019 12:00,31,
11/11/2019 12:00,29,
11/12/2019 12:00,29.3,
11/13/2019 12:00,29.9,
11/14/2019 12:00,31.4,
11/15/2019 12:00,31.9,
11/16/2019 12:00,30.3,
11/17/2019 12:00,28.9,
11/18/2019 12:00,28,
11/19/2019 12:00,25,
11/20/2019 12:00,25.5,
11/21/2019 12:00,27.5,
11/22/2019 12:00,27.8,
11/23/2019 12:00,27.6,
11/24/2019 12:00,27,
11/25/2019 12:00,26,
11/26/2019 12:00,27.5,
11/27/2019 12:00,28.4,
11/28/2019 12:00,29.8,
11/29/2019 12:00,28.5,
11/30/2019 12:00,27.1,
12/1/2019 12:00,25.5,
12/2/2019 12:00,24.5,
12/3/2019 12:00,25,
12/4/2019 12:00,26.4,
12/5/2019 12:00,28.4,
12/6/2019 12:00,27,
12/7/2019 12:00,26.9,
12/8/2019 12:00,27.5,
12/9/2019 12:00,27,
12/10/2019 12:00,25,
12/11/2019 12:00,24.5,
12/12/2019 12:00,22.8,
12/13/2019 12:00,25,
12/14/2019 12:00,24.9,
12/15/2019 12:00,25.9,
12/16/2019 12:00,25.5,
12/17/2019 12:00,23.5,
12/18/2019 12:00,16,
12/19/2019 12:00,22,
12/20/2019 12:00,16.4,
12/21/2019 12:00,20.7,
12/22/2019 12:00,20,
12/23/2019 12:00,20.5,
12/24/2019 12:00,23,
12/25/2019 12:00,22,
12/26/2019 12:00,20.2,
12/27/2019 12:00,17.2,
12/28/2019 12:00,21.6,
12/29/2019 12:00,20.5,
12/30/2019 12:00,23,
12/31/2019 12:00,27,
1/1/2020 12:00,24.6,
1/2/2020 12:00,25.2,
1/3/2020 12:00,22.4,
1/4/2020 12:00,19.9,
1/5/2020 12:00,16.4,
1/6/2020 12:00,16,
1/7/2020 12:00,21.6,
1/8/2020 12:00,23.4,
1/9/2020 12:00,23.5,
1/10/2020 12:00,20.3,
1/11/2020 12:00,21.4,
1/12/2020 12:00,22,
1/13/2020 12:00,23,
1/14/2020 12:00,24.8,
1/15/2020 12:00,24,
1/16/2020 12:00,24.5,
1/17/2020 12:00,21,
1/18/2020 12:00,25.2,
1/19/2020 12:00,18.3,
1/20/2020 12:00,17.6,
1/21/2020 12:00,18.6,
1/22/2020 12:00,20.3,
1/23/2020 12:00,19,
1/24/2020 12:00,17.4,
1/25/2020 12:00,20.9,
1/26/2020 12:00,21.8,
1/27/2020 12:00,21.9,
1/28/2020 12:00,23,
1/29/2020 12:00,24.3,
1/30/2020 12:00,23,
1/31/2020 12:00,19,
2/1/2020 12:00,21.5,
2/2/2020 12:00,21.7,
2/3/2020 12:00,21.9,
2/4/2020 12:00,23.4,
2/5/2020 12:00,23.9,
2/6/2020 12:00,22.6,
2/7/2020 12:00,22.4,
2/8/2020 12:00,24.8,
2/9/2020 12:00,26.5,
2/10/2020 12:00,25,
2/11/2020 12:00,25.7,
2/12/2020 12:00,26.2,
2/13/2020 12:00,26.4,
2/14/2020 12:00,25.5,
2/15/2020 12:00,24.4,
2/16/2020 12:00,25.9,
2/17/2020 12:00,25,
2/18/2020 12:00,24.7,
2/19/2020 12:00,23.5,
2/20/2020 12:00,24.4,
2/21/2020 12:00,26.9,
2/22/2020 12:00,28.4,
2/23/2020 12:00,30.1,
2/24/2020 12:00,28,
2/25/2020 12:00,26.5,
2/26/2020 12:00,22,
2/27/2020 12:00,25.5,
2/28/2020 12:00,26.4,
2/29/2020 12:00,28.4,
3/1/2020 12:00,28.4,
3/2/2020 12:00,29,
3/3/2020 12:00,28.4,
3/4/2020 12:00,28.9,
3/5/2020 12:00,29,
3/6/2020 12:00,25.4,
3/7/2020 12:00,26,
3/8/2020 12:00,26.4,
3/9/2020 12:00,25.5,
3/10/2020 12:00,27,
3/11/2020 12:00,28.4,
3/12/2020 12:00,30,
3/13/2020 12:00,27.5,
3/14/2020 12:00,22.4,
3/15/2020 12:00,30.5,
3/16/2020 12:00,29.5,
3/17/2020 12:00,29,
3/18/2020 12:00,29,
3/19/2020 12:00,29,
3/20/2020 12:00,29,
3/21/2020 12:00,29,
3/22/2020 12:00,26.5,
3/23/2020 12:00,29.5,
3/24/2020 12:00,29.2,
3/25/2020 12:00,30.4,
3/26/2020 12:00,30.4,
3/27/2020 12:00,31,
3/28/2020 12:00,32.5,
3/29/2020 12:00,32.4,
3/30/2020 12:00,32,
3/31/2020 12:00,32.4,
4/1/2020 12:00,32.5,
4/2/2020 12:00,33,
4/3/2020 12:00,33,
4/4/2020 12:00,32.2,
4/5/2020 12:00,32.5,
4/6/2020 12:00,32.2,
4/7/2020 12:00,33.5,
4/8/2020 12:00,33,
4/9/2020 12:00,33.4,
4/10/2020 12:00,34,
4/11/2020 12:00,34,
4/12/2020 12:00,31,
4/13/2020 12:00,31.4,
4/14/2020 12:00,34,
4/15/2020 12:00,29.3,
4/16/2020 12:00,31.4,
4/17/2020 12:00,31,
4/18/2020 12:00,31.6,
4/19/2020 12:00,30.9,
4/20/2020 12:00,30.7,
4/21/2020 12:00,24.5,
4/22/2020 12:00,30.3,
4/23/2020 12:00,28,
4/24/2020 12:00,27.9,
4/25/2020 12:00,27.8,
4/26/2020 12:00,29.9,
4/27/2020 12:00,31,
4/28/2020 12:00,27.8,
4/29/2020 12:00,30.3,
4/30/2020 12:00,31,
5/1/2020 12:00,30.5,
5/2/2020 12:00,29,
5/3/2020 12:00,31.4,
5/4/2020 12:00,31.7,
5/5/2020 12:00,30.2,
5/6/2020 12:00,31,
5/7/2020 12:00,31.5,
5/8/2020 12:00,31,
5/9/2020 12:00,32.5,
5/10/2020 12:00,34.9,
5/11/2020 12:00,30,
5/12/2020 12:00,33.4,
5/13/2020 12:00,33.9,
5/14/2020 12:00,30,
5/15/2020 12:00,30.2,
5/16/2020 12:00,30.4,
5/17/2020 12:00,32.4,
5/18/2020 12:00,33.5,
5/19/2020 12:00,32.9,
5/20/2020 12:00,30.4,
5/21/2020 12:00,27,
5/22/2020 12:00,29.3,
5/23/2020 12:00,32,
5/24/2020 12:00,32.2,
5/25/2020 12:00,32,
5/26/2020 12:00,33.5,
5/27/2020 12:00,28.4,
5/28/2020 12:00,29.8,
5/29/2020 12:00,31.5,
5/30/2020 12:00,32.9,
5/31/2020 12:00,30.5,
6/1/2020 12:00,30.8,
6/2/2020 12:00,32.5,
6/3/2020 12:00,33,
6/4/2020 12:00,31.6,
6/5/2020 12:00,27.8,
6/6/2020 12:00,27.2,
6/7/2020 12:00,33,
6/8/2020 12:00,34,
6/9/2020 12:00,33.7,
6/10/2020 12:00,35.4,
6/11/2020 12:00,34.5,
6/12/2020 12:00,33.4,
6/13/2020 12:00,32.4,
6/14/2020 12:00,32.3,
6/15/2020 12:00,33,
6/16/2020 12:00,31.5,
6/17/2020 12:00,33.5,
6/18/2020 12:00,30.5,
6/19/2020 12:00,31,
6/20/2020 12:00,32.4,
6/21/2020 12:00,31.4,
6/22/2020 12:00,32.9,
6/23/2020 12:00,32.5,
6/24/2020 12:00,34,
6/25/2020 12:00,26.9,
6/26/2020 12:00,27.4,
6/27/2020 12:00,28.4,
6/28/2020 12:00,27.5,
6/29/2020 12:00,30.5,
6/30/2020 12:00,32.3,
7/1/2020 12:00,33.8,
7/2/2020 12:00,32,
7/3/2020 12:00,31.7,
7/4/2020 12:00,32,
7/5/2020 12:00,33.6,
7/6/2020 12:00,34,
7/7/2020 12:00,32.5,
7/8/2020 12:00,32.6,
7/9/2020 12:00,30.7,
7/10/2020 12:00,28.5,
7/11/2020 12:00,26.7,
7/12/2020 12:00,28.5,
7/13/2020 12:00,29.5,
7/14/2020 12:00,32.8,
7/15/2020 12:00,32.4,
7/16/2020 12:00,32,
7/17/2020 12:00,32,
7/18/2020 12:00,32.4,
7/19/2020 12:00,29,
7/20/2020 12:00,26.3,
7/21/2020 12:00,32,
7/22/2020 12:00,31.5,
7/23/2020 12:00,31,
7/24/2020 12:00,32,
7/25/2020 12:00,31.2,
7/26/2020 12:00,33.5,
7/27/2020 12:00,30.5,
7/28/2020 12:00,29,
7/29/2020 12:00,31,
7/30/2020 12:00,30,
7/31/2020 12:00,31.4,
8/1/2020 12:00,30.4,
8/2/2020 12:00,33.5,
8/3/2020 12:00,34.9,
8/4/2020 12:00,37,
8/5/2020 12:00,35.5,
8/6/2020 12:00,32.8,
8/7/2020 12:00,33.8,
8/8/2020 12:00,34,
8/9/2020 12:00,31.5,
8/10/2020 12:00,30,
8/11/2020 12:00,32,
8/12/2020 12:00,32.5,
8/13/2020 12:00,33.4,
8/14/2020 12:00,33.3,
8/15/2020 12:00,32.2,
8/16/2020 12:00,33.2,
8/17/2020 12:00,33,
8/18/2020 12:00,33,
8/19/2020 12:00,32.7,
8/20/2020 12:00,32.5,
8/21/2020 12:00,31.3,
8/22/2020 12:00,31.4,
8/23/2020 12:00,30.4,
8/24/2020 12:00,32,
8/25/2020 12:00,34.3,
8/26/2020 12:00,32.8,
8/27/2020 12:00,32.5,
8/28/2020 12:00,31.5,
8/29/2020 12:00,33.5,
8/30/2020 12:00,33,
8/31/2020 12:00,32.3,
9/1/2020 12:00,30.3,
9/2/2020 12:00,33,
9/3/2020 12:00,32.6,
9/4/2020 12:00,33.8,
9/5/2020 12:00,30,
9/6/2020 12:00,29.9,
9/7/2020 12:00,28.8,
9/8/2020 12:00,28.8,
9/9/2020 12:00,31.4,
9/10/2020 12:00,32.2,
9/11/2020 12:00,30.5,
9/12/2020 12:00,31.4,
9/13/2020 12:00,31,
9/14/2020 12:00,30,
9/15/2020 12:00,28.5,
9/16/2020 12:00,31,
9/17/2020 12:00,28.4,
9/18/2020 12:00,28,
9/19/2020 12:00,34.4,
9/20/2020 12:00,36.2,
9/21/2020 12:00,30.5,
9/22/2020 12:00,30.5,
9/23/2020 12:00,25,
9/24/2020 12:00,27,
9/25/2020 12:00,26.5,
9/26/2020 12:00,28,
9/27/2020 12:00,31.5,
9/28/2020 12:00,32,
9/29/2020 12:00,32,
9/30/2020 12:00,33,
10/1/2020 12:00,33.4,
10/2/2020 12:00,32,
10/3/2020 12:00,29.5,
10/4/2020 12:00,32.5,
10/5/2020 12:00,32.9,
10/6/2020 12:00,31.9,
10/7/2020 12:00,32,
10/8/2020 12:00,33.7,
10/9/2020 12:00,33.7,
10/10/2020 12:00,33.4,
10/11/2020 12:00,34.5,
10/12/2020 12:00,33.6,
10/13/2020 12:00,34,
10/14/2020 12:00,34,
10/15/2020 12:00,34,
10/16/2020 12:00,33.9,
10/17/2020 12:00,33,
10/18/2020 12:00,33.8,
10/19/2020 12:00,34,
10/20/2020 12:00,33,
10/21/2020 12:00,33,
10/22/2020 12:00,32,
10/23/2020 12:00,32,
10/24/2020 12:00,30.5,
10/25/2020 12:00,29,
10/26/2020 12:00,28,
10/27/2020 12:00,31,
10/28/2020 12:00,31.5,
10/29/2020 12:00,33.4,
10/30/2020 12:00,34,
10/31/2020 12:00,33.4,
11/1/2020 12:00,32.5,
11/2/2020 12:00,32,
11/3/2020 12:00,31,
11/4/2020 12:00,29,
11/5/2020 12:00,28.3,
11/6/2020 12:00,27,
11/7/2020 12:00,29.9,
11/8/2020 12:00,31,
11/9/2020 12:00,31.3,
11/10/2020 12:00,31,
11/11/2020 12:00,31.3,
11/12/2020 12:00,33,
11/13/2020 12:00,30.4,
11/14/2020 12:00,31,
11/15/2020 12:00,31,
11/16/2020 12:00,30.5,
11/17/2020 12:00,29,
11/18/2020 12:00,28,
11/19/2020 12:00,27.3,
11/20/2020 12:00,27.4,
11/21/2020 12:00,26,
11/22/2020 12:00,24.5,
11/23/2020 12:00,24.9,
11/24/2020 12:00,27.5,
11/25/2020 12:00,28,
11/26/2020 12:00,26.5,
11/27/2020 12:00,23.5,
11/28/2020 12:00,28,
11/29/2020 12:00,29.4,
11/30/2020 12:00,28.4,
12/1/2020 12:00,29,
12/2/2020 12:00,27.5,
12/3/2020 12:00,27.5,
12/4/2020 12:00,27.4,
12/5/2020 12:00,26,
12/6/2020 12:00,25.4,
12/7/2020 12:00,24.4,
12/8/2020 12:00,25.4,
12/9/2020 12:00,25.5,
12/10/2020 12:00,24,
12/11/2020 12:00,21.9,
12/12/2020 12:00,25,
12/13/2020 12:00,24,
12/14/2020 12:00,21.5,
12/15/2020 12:00,23.4,
12/16/2020 12:00,24,
12/17/2020 12:00,22.4,
12/18/2020 12:00,20.4,
12/19/2020 12:00,20,
12/20/2020 12:00,24.4,
12/21/2020 12:00,25.5,
12/22/2020 12:00,25.4,
12/23/2020 12:00,25.5,
12/24/2020 12:00,25.3,
12/25/2020 12:00,24.5,
12/26/2020 12:00,23.4,
12/27/2020 12:00,23.9,
12/28/2020 12:00,24.2,
12/29/2020 12:00,24,
12/30/2020 12:00,25,
12/31/2020 12:00,25,
1/1/2021 12:00,25.4,
1/2/2021 12:00,25.4,
1/3/2021 12:00,25.2,
1/4/2021 12:00,27,
1/5/2021 12:00,26,
1/6/2021 12:00,25.5,
1/7/2021 12:00,25,
1/8/2021 12:00,25,
1/9/2021 12:00,24.4,
1/10/2021 12:00,23,
1/11/2021 12:00,22,
1/12/2021 12:00,16,
1/13/2021 12:00,13.4,
1/14/2021 12:00,19.9,
1/15/2021 12:00,20.8,
1/16/2021 12:00,13.9,
1/17/2021 12:00,22,
1/18/2021 12:00,26.2,
1/19/2021 12:00,23.5,
1/20/2021 12:00,22.9,
1/21/2021 12:00,19,
1/22/2021 12:00,23,
1/23/2021 12:00,24,
1/24/2021 12:00,22,
1/25/2021 12:00,23.5,
1/26/2021 12:00,20.4,
1/27/2021 12:00,20,
1/28/2021 12:00,22,
1/29/2021 12:00,25,
1/30/2021 12:00,14.2,
1/31/2021 12:00,21,
2/1/2021 12:00,24,
2/2/2021 12:00,24.6,
2/3/2021 12:00,27,
2/4/2021 12:00,27.3,
2/5/2021 12:00,28.3,
2/6/2021 12:00,24.5,
2/7/2021 12:00,26.4,
2/8/2021 12:00,27.9,
2/9/2021 12:00,26.7,
2/10/2021 12:00,25,
2/11/2021 12:00,27.8,
2/12/2021 12:00,28,
2/13/2021 12:00,27.2,
2/14/2021 12:00,28.2,
2/15/2021 12:00,27,
2/16/2021 12:00,26.9,
2/17/2021 12:00,28.5,
2/18/2021 12:00,28.4,
2/19/2021 12:00,29.5,
2/20/2021 12:00,30.4,
2/21/2021 12:00,30.7,
2/22/2021 12:00,30,
2/23/2021 12:00,29.4,
2/24/2021 12:00,29.8,
2/25/2021 12:00,28.6,
2/26/2021 12:00,29.4,
2/27/2021 12:00,28.5,
2/28/2021 12:00,28,
3/1/2021 12:00,30.4,
3/2/2021 12:00,30,
3/3/2021 12:00,29,
3/4/2021 12:00,29.4,
3/5/2021 12:00,29,
3/6/2021 12:00,29.5,
3/7/2021 12:00,26.9,
3/8/2021 12:00,30.4,
3/9/2021 12:00,32,
3/10/2021 12:00,31.4,
3/11/2021 12:00,29,
3/12/2021 12:00,31,
3/13/2021 12:00,27.4,
3/14/2021 12:00,29.3,
3/15/2021 12:00,30,
3/16/2021 12:00,31.2,
3/17/2021 12:00,32,
3/18/2021 12:00,32.3,
3/19/2021 12:00,32,
3/20/2021 12:00,31.7,
3/21/2021 12:00,34,
3/22/2021 12:00,34,
3/23/2021 12:00,34.5,
3/24/2021 12:00,35.4,
3/25/2021 12:00,33.6,
3/26/2021 12:00,32.7,
3/27/2021 12:00,32.6,
3/28/2021 12:00,34,
3/29/2021 12:00,34,
3/30/2021 12:00,32,
3/31/2021 12:00,31.9,
4/1/2021 12:00,31,
4/2/2021 12:00,34,
4/3/2021 12:00,34.9,
4/4/2021 12:00,35.5,
4/5/2021 12:00,34,
4/6/2021 12:00,34.8,
4/7/2021 12:00,35,
4/8/2021 12:00,33.5,
4/9/2021 12:00,33,
4/10/2021 12:00,36,
4/11/2021 12:00,36.5,
4/12/2021 12:00,36,
4/13/2021 12:00,36.4,
4/14/2021 12:00,35.7,
4/15/2021 12:00,34,
4/16/2021 12:00,33.5,
4/17/2021 12:00,31,
4/18/2021 12:00,32.5,
4/19/2021 12:00,33.5,
4/20/2021 12:00,35,
4/21/2021 12:00,33.7,
4/22/2021 12:00,27.3,
4/23/2021 12:00,33.5,
4/24/2021 12:00,34.4,
4/25/2021 12:00,35.4,
4/26/2021 12:00,37,
4/27/2021 12:00,36.5,
4/28/2021 12:00,35.5,
4/29/2021 12:00,34.8,
4/30/2021 12:00,35.6,
5/1/2021 12:00,30.3,
5/2/2021 12:00,30.5,
5/3/2021 12:00,33,
5/4/2021 12:00,24,
5/5/2021 12:00,28.9,
5/6/2021 12:00,29.4,
5/7/2021 12:00,29.2,
5/8/2021 12:00,31.2,
5/9/2021 12:00,30,
5/10/2021 12:00,29.4,
5/11/2021 12:00,30,
5/12/2021 12:00,24.5,
5/13/2021 12:00,28.5,
5/14/2021 12:00,31.3,
5/15/2021 12:00,34,
5/16/2021 12:00,34,
5/17/2021 12:00,33.5,
5/18/2021 12:00,31,
5/19/2021 12:00,33,
5/20/2021 12:00,33.2,
5/21/2021 12:00,31.9,
5/22/2021 12:00,34.4,
5/23/2021 12:00,33.5,
5/24/2021 12:00,37,
5/25/2021 12:00,29,
5/26/2021 12:00,33.6,
5/27/2021 12:00,30.4,
5/28/2021 12:00,25.5,
5/29/2021 12:00,32.5,
5/30/2021 12:00,32,
5/31/2021 12:00,32,
6/1/2021 12:00,32.4,
6/2/2021 12:00,32.6,
6/3/2021 12:00,34,
6/4/2021 12:00,33.9,
6/5/2021 12:00,33.4,
6/6/2021 12:00,31,
6/7/2021 12:00,31.6,
6/8/2021 12:00,29.5,
6/9/2021 12:00,31,
6/10/2021 12:00,34,
6/11/2021 12:00,33,
6/12/2021 12:00,30,
6/13/2021 12:00,32.5,
6/14/2021 12:00,32.5,
6/15/2021 12:00,32,
6/16/2021 12:00,31,
6/17/2021 12:00,31.5,
6/18/2021 12:00,30,
6/19/2021 12:00,32,
6/20/2021 12:00,29.4,
6/21/2021 12:00,34,
6/22/2021 12:00,34.5,
6/23/2021 12:00,32,
6/24/2021 12:00,32,
6/25/2021 12:00,33,
6/26/2021 12:00,32.5,
6/27/2021 12:00,31,
6/28/2021 12:00,33,
6/29/2021 12:00,31,
6/30/2021 12:00,26.7,
7/1/2021 12:00,27,
7/2/2021 12:00,28,
7/3/2021 12:00,27,
7/4/2021 12:00,31,
7/5/2021 12:00,32,
7/6/2021 12:00,32.4,
7/7/2021 12:00,32,
7/8/2021 12:00,32.2,
7/9/2021 12:00,33.2,
7/10/2021 12:00,33.5,
7/11/2021 12:00,32,
7/12/2021 12:00,34.2,
7/13/2021 12:00,33.4,
7/14/2021 12:00,31.7,
7/15/2021 12:00,31.5,
7/16/2021 12:00,32.2,
7/17/2021 12:00,32.6,
7/18/2021 12:00,32,
7/19/2021 12:00,31.7,
7/20/2021 12:00,31,
7/21/2021 12:00,33.2,
7/22/2021 12:00,33,
7/23/2021 12:00,32.5,
7/24/2021 12:00,33.5,
7/25/2021 12:00,32,
7/26/2021 12:00,32.4,
7/27/2021 12:00,32,
7/28/2021 12:00,34.4,
7/29/2021 12:00,34,
7/30/2021 12:00,32.2,
7/31/2021 12:00,31.6,
8/1/2021 12:00,33.4,
8/2/2021 12:00,31.5,
8/3/2021 12:00,34,
8/4/2021 12:00,32,
8/5/2021 12:00,33.7,
8/6/2021 12:00,35,
8/7/2021 12:00,34.2,
8/8/2021 12:00,31.8,
8/9/2021 12:00,32.4,
8/10/2021 12:00,33.7,
8/11/2021 12:00,35,
8/12/2021 12:00,31.4,
8/13/2021 12:00,33,
8/14/2021 12:00,33.2,
8/15/2021 12:00,28.3,
8/16/2021 12:00,33,
8/17/2021 12:00,32,
8/18/2021 12:00,31.5,
8/19/2021 12:00,31.2,
8/20/2021 12:00,31.5,
8/21/2021 12:00,32.2,
8/22/2021 12:00,33,
8/23/2021 12:00,30.5,
8/24/2021 12:00,31,
8/25/2021 12:00,32,
8/26/2021 12:00,29.2,
8/27/2021 12:00,27.5,
8/28/2021 12:00,29,
8/29/2021 12:00,29.4,
8/30/2021 12:00,31,
8/31/2021 12:00,33,
9/1/2021 12:00,33,
9/2/2021 12:00,26,
9/3/2021 12:00,31.5,
9/4/2021 12:00,31.5,
9/5/2021 12:00,33.4,
9/6/2021 12:00,33.5,
9/7/2021 12:00,31,
9/8/2021 12:00,32.5,
9/9/2021 12:00,32.5,
9/10/2021 12:00,34.8,
9/11/2021 12:00,34,
9/12/2021 12:00,35.4,
9/13/2021 12:00,33.2,
9/14/2021 12:00,30.4,
9/15/2021 12:00,32,
9/16/2021 12:00,33.4,
9/17/2021 12:00,32.4,
9/18/2021 12:00,32,
9/19/2021 12:00,30.6,
9/20/2021 12:00,32.5,
9/21/2021 12:00,32.4,
9/22/2021 12:00,32.4,
9/23/2021 12:00,32,
9/24/2021 12:00,34,
9/25/2021 12:00,34.5,
9/26/2021 12:00,36,
9/27/2021 12:00,34.5,
9/28/2021 12:00,33,
9/29/2021 12:00,30.9,
9/30/2021 12:00,32.4,
10/1/2021 12:00,32.4,
10/2/2021 12:00,31.5,
10/3/2021 12:00,27,
10/4/2021 12:00,32.4,
10/5/2021 12:00,30.7,
10/6/2021 12:00,31,
10/7/2021 12:00,33.3,
10/8/2021 12:00,31,
10/9/2021 12:00,32.4,
10/10/2021 12:00,33.2,
10/11/2021 12:00,34,
10/12/2021 12:00,35,
10/13/2021 12:00,35,
10/14/2021 12:00,35,
10/15/2021 12:00,35.5,
10/16/2021 12:00,35,
10/17/2021 12:00,35.4,
10/18/2021 12:00,30.9,
10/19/2021 12:00,26,
10/20/2021 12:00,27.9,
10/21/2021 12:00,28.3,
10/22/2021 12:00,25.5,
10/23/2021 12:00,26.4,
10/24/2021 12:00,29.5,
10/25/2021 12:00,30,
10/26/2021 12:00,29.5,
10/27/2021 12:00,29.8,
10/28/2021 12:00,29.9,
10/29/2021 12:00,30,
10/30/2021 12:00,29.5,
10/31/2021 12:00,29.4,
11/1/2021 12:00,29.4,
11/2/2021 12:00,29,
11/3/2021 12:00,29.4,
11/4/2021 12:00,29.4,
11/5/2021 12:00,29,
11/6/2021 12:00,29.9,
11/7/2021 12:00,28.4,
11/8/2021 12:00,29,
11/9/2021 12:00,29,
11/10/2021 12:00,30,
11/11/2021 12:00,29.4,
11/12/2021 12:00,28.4,
11/13/2021 12:00,29,
11/14/2021 12:00,29,
11/15/2021 12:00,27.5,
11/16/2021 12:00,27.4,
11/17/2021 12:00,29,
11/18/2021 12:00,28.7,
11/19/2021 12:00,28,
11/20/2021 12:00,28,
11/21/2021 12:00,27.5,
11/22/2021 12:00,26,
11/23/2021 12:00,26,
11/24/2021 12:00,26,
11/25/2021 12:00,26,
11/26/2021 12:00,26.5,
11/27/2021 12:00,27,
11/28/2021 12:00,27.8,
11/29/2021 12:00,27.3,
11/30/2021 12:00,28,
12/1/2021 12:00,29.2,
12/2/2021 12:00,28,
12/3/2021 12:00,28,
12/4/2021 12:00,28,
12/5/2021 12:00,28.5,
12/6/2021 12:00,28,
12/7/2021 12:00,27.3,
12/8/2021 12:00,27.2,
12/9/2021 12:00,26.5,
12/10/2021 12:00,26.7,
12/11/2021 12:00,25.6,
12/12/2021 12:00,24.4,
12/13/2021 12:00,25.2,
12/14/2021 12:00,25.7,
12/15/2021 12:00,25.2,
12/16/2021 12:00,25,
12/17/2021 12:00,25.5,
12/18/2021 12:00,25.7,
12/19/2021 12:00,23.4,
12/20/2021 12:00,24.7,
12/21/2021 12:00,25.5,
12/22/2021 12:00,24.5,
12/23/2021 12:00,25,
12/24/2021 12:00,24.5,
12/25/2021 12:00,24,
12/26/2021 12:00,24,
12/27/2021 12:00,24,
12/28/2021 12:00,24,
12/29/2021 12:00,18.5,
12/30/2021 12:00,24,
12/31/2021 12:00,24.5,
12/31/2021 23:59, ,
