dateTime,value,,,,
1/1/2010 0:00, ,,,
1/1/2010 3:00,0,,,
1/2/2010 3:00,0,,,
1/3/2010 3:00,0,,,
1/4/2010 3:00,0,,,
1/5/2010 3:00,0,,,
1/6/2010 3:00,0,,,
1/7/2010 3:00,0,,,
1/8/2010 3:00,0,,,
1/9/2010 3:00,0,,,
1/10/2010 3:00,0,,,
1/11/2010 3:00,0,,,
1/12/2010 3:00,0,,,
1/13/2010 3:00,0,,,
1/14/2010 3:00,0,,,
1/15/2010 3:00,0,,,
1/16/2010 3:00,0,,,
1/17/2010 3:00,0,,,
1/18/2010 3:00,0,,,
1/19/2010 3:00,0,,,
1/20/2010 3:00,0,,,
1/21/2010 3:00,0,,,
1/22/2010 3:00,0,,,
1/23/2010 3:00,0,,,
1/24/2010 3:00,0,,,
1/25/2010 3:00,0,,,
1/26/2010 3:00,0,,,
1/27/2010 3:00,0,,,
1/28/2010 3:00,0,,,
1/29/2010 3:00,0,,,
1/30/2010 3:00,0,,,
1/31/2010 3:00,0,,,
2/1/2010 3:00,0,,,
2/2/2010 3:00,0,,,
2/3/2010 3:00,0,,,
2/4/2010 3:00,0,,,
2/5/2010 3:00,0,,,
2/6/2010 3:00,0,,,
2/7/2010 3:00,0,,,
2/8/2010 3:00,0,,,
2/9/2010 3:00,0,,,
2/10/2010 3:00,1.3,,,
2/11/2010 3:00,0,,,
2/12/2010 3:00,0,,,
2/13/2010 3:00,1,,,
2/14/2010 3:00,0,,,
2/15/2010 3:00,0,,,
2/16/2010 3:00,0,,,
2/17/2010 3:00,0,,,
2/18/2010 3:00,0,,,
2/19/2010 3:00,0,,,
2/20/2010 3:00,0,,,
2/21/2010 3:00,0,,,
2/22/2010 3:00,0,,,
2/23/2010 3:00,0,,,
2/24/2010 3:00,0,,,
2/25/2010 3:00,0,,,
2/26/2010 3:00,0,,,
2/27/2010 3:00,0,,,
2/28/2010 3:00,0,,,
3/1/2010 3:00,0,,,
3/2/2010 3:00,0,,,
3/3/2010 3:00,0,,,
3/4/2010 3:00,0,,,
3/5/2010 3:00,0,,,
3/6/2010 3:00,0,,,
3/7/2010 3:00,0,,,
3/8/2010 3:00,0,,,
3/9/2010 3:00,0,,,
3/10/2010 3:00,0,,,
3/11/2010 3:00,0,,,
3/12/2010 3:00,0,,,
3/13/2010 3:00,0,,,
3/14/2010 3:00,0,,,
3/15/2010 3:00,0,,,
3/16/2010 3:00,0,,,
3/17/2010 3:00,0,,,
3/18/2010 3:00,0,,,
3/19/2010 3:00,0,,,
3/20/2010 3:00,0,,,
3/21/2010 3:00,0,,,
3/22/2010 3:00,0,,,
3/23/2010 3:00,0,,,
3/24/2010 3:00,0,,,
3/25/2010 3:00,0,,,
3/26/2010 3:00,0,,,
3/27/2010 3:00,0,,,
3/28/2010 3:00,0,,,
3/29/2010 3:00,0,,,
3/30/2010 3:00,0,,,
3/31/2010 3:00,0,,,
4/1/2010 3:00,0,,,
4/2/2010 3:00,0,,,
4/3/2010 3:00,0,,,
4/4/2010 3:00,0,,,
4/5/2010 3:00,0,,,
4/6/2010 3:00,0,,,
4/7/2010 3:00,0,,,
4/8/2010 3:00,0,,,
4/9/2010 3:00,0,,,
4/10/2010 3:00,0,,,
4/11/2010 3:00,0,,,
4/12/2010 3:00,0,,,
4/13/2010 3:00,0,,,
4/14/2010 3:00,0,,,
4/15/2010 3:00,0,,,
4/16/2010 3:00,11.3,,,
4/17/2010 3:00,0,,,
4/18/2010 3:00,0,,,
4/19/2010 3:00,0,,,
4/20/2010 3:00,0,,,
4/21/2010 3:00,0,,,
4/22/2010 3:00,0,,,
4/23/2010 3:00,0,,,
4/24/2010 3:00,0,,,
4/25/2010 3:00,0,,,
4/26/2010 3:00,0,,,
4/27/2010 3:00,0,,,
4/28/2010 3:00,0,,,
4/29/2010 3:00,0,,,
4/30/2010 3:00,14.5,,,
5/1/2010 3:00,0,,,
5/2/2010 3:00,2.3,,,
5/3/2010 3:00,0,,,
5/4/2010 3:00,0,,,
5/5/2010 3:00,0,,,
5/6/2010 3:00,0,,,
5/7/2010 3:00,0,,,
5/8/2010 3:00,0,,,
5/9/2010 3:00,16.2,,,
5/10/2010 3:00,0,,,
5/11/2010 3:00,0,,,
5/12/2010 3:00,0,,,
5/13/2010 3:00,0,,,
5/14/2010 3:00,0,,,
5/15/2010 3:00,0,,,
5/16/2010 3:00,0,,,
5/17/2010 3:00,0,,,
5/18/2010 3:00,0,,,
5/19/2010 3:00,12.4,,,
5/20/2010 3:00,0,,,
5/21/2010 3:00,6.7,,,
5/22/2010 3:00,0,,,
5/23/2010 3:00,0,,,
5/24/2010 3:00,25,,,
5/25/2010 3:00,0,,,
5/26/2010 3:00,0,,,
5/27/2010 3:00,0,,,
5/28/2010 3:00,0.7,,,
5/29/2010 3:00,2.2,,,
5/30/2010 3:00,0,,,
5/31/2010 3:00,1,,,
6/1/2010 3:00,21,,,
6/2/2010 3:00,0,,,
6/3/2010 3:00,13.9,,,
6/4/2010 3:00,23.7,,,
6/5/2010 3:00,0,,,
6/6/2010 3:00,0,,,
6/7/2010 3:00,6.5,,,
6/8/2010 3:00,0,,,
6/9/2010 3:00,0,,,
6/10/2010 3:00,0,,,
6/11/2010 3:00,0,,,
6/12/2010 3:00,38.6,,,
6/13/2010 3:00,0,,,
6/14/2010 3:00,5,,,
6/15/2010 3:00,2.5,,,
6/16/2010 3:00,0,,,
6/17/2010 3:00,37,,,
6/18/2010 3:00,5,,,
6/19/2010 3:00,45.3,,,
6/20/2010 3:00,86.5,,,
6/21/2010 3:00,0,,,
6/22/2010 3:00,59.5,,,
6/23/2010 3:00,0,,,
6/24/2010 3:00,0,,,
6/25/2010 3:00,27,,,
6/26/2010 3:00,4.5,,,
6/27/2010 3:00,15.8,,,
6/28/2010 3:00,1.5,,,
6/29/2010 3:00,0,,,
6/30/2010 3:00,56,,,
7/1/2010 3:00,4.7,,,
7/2/2010 3:00,3.3,,,
7/3/2010 3:00,6.5,,,
7/4/2010 3:00,28.9,,,
7/5/2010 3:00,18.9,,,
7/6/2010 3:00,7.1,,,
7/7/2010 3:00,1.9,,,
7/8/2010 3:00,41.5,,,
7/9/2010 3:00,73,,,
7/10/2010 3:00,2.1,,,
7/11/2010 3:00,37.4,,,
7/12/2010 3:00,70,,,
7/13/2010 3:00,60.5,,,
7/14/2010 3:00,4.5,,,
7/15/2010 3:00,0,,,
7/16/2010 3:00,48.2,,,
7/17/2010 3:00,3,,,
7/18/2010 3:00,146,,,
7/19/2010 3:00,19.5,,,
7/20/2010 3:00,36.7,,,
7/21/2010 3:00,150,,,
7/22/2010 3:00,18.5,,,
7/23/2010 3:00,98,,,
7/24/2010 3:00,1,,,
7/25/2010 3:00,0,,,
7/26/2010 3:00,4,,,
7/27/2010 3:00,0,,,
7/28/2010 3:00,0,,,
7/29/2010 3:00,1,,,
7/30/2010 3:00,48.2,,,
7/31/2010 3:00,2.5,,,
8/1/2010 3:00,11,,,
8/2/2010 3:00,12.5,,,
8/3/2010 3:00,0,,,
8/4/2010 3:00,0,,,
8/5/2010 3:00,0,,,
8/6/2010 3:00,2.5,,,
8/7/2010 3:00,6,,,
8/8/2010 3:00,0,,,
8/9/2010 3:00,2.5,,,
8/10/2010 3:00,31,,,
8/11/2010 3:00,0,,,
8/12/2010 3:00,33.5,,,
8/13/2010 3:00,16.8,,,
8/14/2010 3:00,37,,,
8/15/2010 3:00,14,,,
8/16/2010 3:00,21.2,,,
8/17/2010 3:00,2,,,
8/18/2010 3:00,8.5,,,
8/19/2010 3:00,40.6,,,
8/20/2010 3:00,0.3,,,
8/21/2010 3:00,19.3,,,
8/22/2010 3:00,64.6,,,
8/23/2010 3:00,39,,,
8/24/2010 3:00,47.3,,,
8/25/2010 3:00,3,,,
8/26/2010 3:00,2.5,,,
8/27/2010 3:00,121.8,,,
8/28/2010 3:00,18.8,,,
8/29/2010 3:00,76.5,,,
8/30/2010 3:00,2,,,
8/31/2010 3:00,0,,,
9/1/2010 3:00,8.7,,,
9/2/2010 3:00,46.8,,,
9/3/2010 3:00,1.3,,,
9/4/2010 3:00,40.1,,,
9/5/2010 3:00,12.6,,,
9/6/2010 3:00,4.1,,,
9/7/2010 3:00,56.5,,,
9/8/2010 3:00,0.2,,,
9/9/2010 3:00,0,,,
9/10/2010 3:00,5.7,,,
9/11/2010 3:00,22.5,,,
9/12/2010 3:00,0.2,,,
9/13/2010 3:00,4,,,
9/14/2010 3:00,3,,,
9/15/2010 3:00,9.5,,,
9/16/2010 3:00,9,,,
9/17/2010 3:00,1.4,,,
9/18/2010 3:00,10.4,,,
9/19/2010 3:00,17.4,,,
9/20/2010 3:00,20,,,
9/21/2010 3:00,20.2,,,
9/22/2010 3:00,5.6,,,
9/23/2010 3:00,4.5,,,
9/24/2010 3:00,0,,,
9/25/2010 3:00,35.5,,,
9/26/2010 3:00,6,,,
9/27/2010 3:00,79.5,,,
9/28/2010 3:00,9.5,,,
9/29/2010 3:00,0,,,
9/30/2010 3:00,7.2,,,
10/1/2010 3:00,0,,,
10/2/2010 3:00,0,,,
10/3/2010 3:00,0,,,
10/4/2010 3:00,0,,,
10/5/2010 3:00,0,,,
10/6/2010 3:00,0,,,
10/7/2010 3:00,0,,,
10/8/2010 3:00,0,,,
10/9/2010 3:00,0,,,
10/10/2010 3:00,41.7,,,
10/11/2010 3:00,19.5,,,
10/12/2010 3:00,0,,,
10/13/2010 3:00,0,,,
10/14/2010 3:00,0,,,
10/15/2010 3:00,0,,,
10/16/2010 3:00,5.6,,,
10/17/2010 3:00,12.3,,,
10/18/2010 3:00,2.6,,,
10/19/2010 3:00,0,,,
10/20/2010 3:00,0,,,
10/21/2010 3:00,0,,,
10/22/2010 3:00,64.7,,,
10/23/2010 3:00,0,,,
10/24/2010 3:00,0,,,
10/25/2010 3:00,0,,,
10/26/2010 3:00,0,,,
10/27/2010 3:00,0,,,
10/28/2010 3:00,0,,,
10/29/2010 3:00,0,,,
10/30/2010 3:00,0,,,
10/31/2010 3:00,0,,,
11/1/2010 3:00,0,,,
11/2/2010 3:00,0,,,
11/3/2010 3:00,0,,,
11/4/2010 3:00,0,,,
11/5/2010 3:00,0,,,
11/6/2010 3:00,0,,,
11/7/2010 3:00,0,,,
11/8/2010 3:00,0,,,
11/9/2010 3:00,0,,,
11/10/2010 3:00,0,,,
11/11/2010 3:00,0,,,
11/12/2010 3:00,0,,,
11/13/2010 3:00,1,,,
11/14/2010 3:00,0,,,
11/15/2010 3:00,0,,,
11/16/2010 3:00,0,,,
11/17/2010 3:00,0,,,
11/18/2010 3:00,0.2,,,
11/19/2010 3:00,5,,,
11/20/2010 3:00,1.5,,,
11/21/2010 3:00,0,,,
11/22/2010 3:00,0,,,
11/23/2010 3:00,0,,,
11/24/2010 3:00,0,,,
11/25/2010 3:00,0,,,
11/26/2010 3:00,0,,,
11/27/2010 3:00,0,,,
11/28/2010 3:00,0,,,
11/29/2010 3:00,0,,,
11/30/2010 3:00,0,,,
12/1/2010 3:00,0,,,
12/2/2010 3:00,0,,,
12/3/2010 3:00,0,,,
12/4/2010 3:00,0,,,
12/5/2010 3:00,0,,,
12/6/2010 3:00,0,,,
12/7/2010 3:00,0,,,
12/8/2010 3:00,0,,,
12/9/2010 3:00,0,,,
12/10/2010 3:00,0,,,
12/11/2010 3:00,0,,,
12/12/2010 3:00,0,,,
12/13/2010 3:00,0,,,
12/14/2010 3:00,0,,,
12/15/2010 3:00,0,,,
12/16/2010 3:00,0,,,
12/17/2010 3:00,0,,,
12/18/2010 3:00,0,,,
12/19/2010 3:00,0,,,
12/20/2010 3:00,0,,,
12/21/2010 3:00,0,,,
12/22/2010 3:00,0,,,
12/23/2010 3:00,0,,,
12/24/2010 3:00,0,,,
12/25/2010 3:00,0,,,
12/26/2010 3:00,0,,,
12/27/2010 3:00,0,,,
12/28/2010 3:00,0,,,
12/29/2010 3:00,0,,,
12/30/2010 3:00,0,,,
12/31/2010 3:00,0,,,
1/1/2011 3:00,3,,,
1/2/2011 3:00,0.3,,,
1/3/2011 3:00,0,,,
1/4/2011 3:00,0,,,
1/5/2011 3:00,0,,,
1/6/2011 3:00,0,,,
1/7/2011 3:00,0,,,
1/8/2011 3:00,0,,,
1/9/2011 3:00,0,,,
1/10/2011 3:00,0,,,
1/11/2011 3:00,0,,,
1/12/2011 3:00,0,,,
1/13/2011 3:00,0,,,
1/14/2011 3:00,0,,,
1/15/2011 3:00,0,,,
1/16/2011 3:00,0,,,
1/17/2011 3:00,0,,,
1/18/2011 3:00,0,,,
1/19/2011 3:00,0,,,
1/20/2011 3:00,0,,,
1/21/2011 3:00,0,,,
1/22/2011 3:00,0,,,
1/23/2011 3:00,0,,,
1/24/2011 3:00,0,,,
1/25/2011 3:00,0,,,
1/26/2011 3:00,0,,,
1/27/2011 3:00,0,,,
1/28/2011 3:00,0,,,
1/29/2011 3:00,0,,,
1/30/2011 3:00,0,,,
1/31/2011 3:00,0,,,
2/1/2011 3:00,0,,,
2/2/2011 3:00,0,,,
2/3/2011 3:00,0,,,
2/4/2011 3:00,0,,,
2/5/2011 3:00,0,,,
2/6/2011 3:00,0,,,
2/7/2011 3:00,0,,,
2/8/2011 3:00,0,,,
2/9/2011 3:00,0,,,
2/10/2011 3:00,0,,,
2/11/2011 3:00,0,,,
2/12/2011 3:00,0,,,
2/13/2011 3:00,0,,,
2/14/2011 3:00,0,,,
2/15/2011 3:00,0,,,
2/16/2011 3:00,0,,,
2/17/2011 3:00,3.7,,,
2/18/2011 3:00,0,,,
2/19/2011 3:00,0,,,
2/20/2011 3:00,0,,,
2/21/2011 3:00,0,,,
2/22/2011 3:00,0,,,
2/23/2011 3:00,0,,,
2/24/2011 3:00,0,,,
2/25/2011 3:00,0,,,
2/26/2011 3:00,0,,,
2/27/2011 3:00,0,,,
2/28/2011 3:00,0,,,
3/1/2011 3:00,0,,,
3/2/2011 3:00,0,,,
3/3/2011 3:00,0,,,
3/4/2011 3:00,0,,,
3/5/2011 3:00,0,,,
3/6/2011 3:00,0,,,
3/7/2011 3:00,0,,,
3/8/2011 3:00,0,,,
3/9/2011 3:00,0,,,
3/10/2011 3:00,0,,,
3/11/2011 3:00,0,,,
3/12/2011 3:00,0,,,
3/13/2011 3:00,0,,,
3/14/2011 3:00,0,,,
3/15/2011 3:00,0,,,
3/16/2011 3:00,0,,,
3/17/2011 3:00,0,,,
3/18/2011 3:00,0,,,
3/19/2011 3:00,0,,,
3/20/2011 3:00,0,,,
3/21/2011 3:00,0,,,
3/22/2011 3:00,0,,,
3/23/2011 3:00,0,,,
3/24/2011 3:00,0,,,
3/25/2011 3:00,0,,,
3/26/2011 3:00,0,,,
3/27/2011 3:00,0,,,
3/28/2011 3:00,9.5,,,
3/29/2011 3:00,0,,,
3/30/2011 3:00,0,,,
3/31/2011 3:00,2.4,,,
4/1/2011 3:00,1.2,,,
4/2/2011 3:00,0,,,
4/3/2011 3:00,0,,,
4/4/2011 3:00,4.5,,,
4/5/2011 3:00,3.5,,,
4/6/2011 3:00,0,,,
4/7/2011 3:00,0,,,
4/8/2011 3:00,0,,,
4/9/2011 3:00,0,,,
4/10/2011 3:00,0,,,
4/11/2011 3:00,2.5,,,
4/12/2011 3:00,0,,,
4/13/2011 3:00,2.3,,,
4/14/2011 3:00,5.8,,,
4/15/2011 3:00,24.7,,,
4/16/2011 3:00,1.8,,,
4/17/2011 3:00,0,,,
4/18/2011 3:00,0,,,
4/19/2011 3:00,5.3,,,
4/20/2011 3:00,0.6,,,
4/21/2011 3:00,0,,,
4/22/2011 3:00,0,,,
4/23/2011 3:00,0,,,
4/24/2011 3:00,0,,,
4/25/2011 3:00,5.3,,,
4/26/2011 3:00,0,,,
4/27/2011 3:00,0,,,
4/28/2011 3:00,0,,,
4/29/2011 3:00,15.2,,,
4/30/2011 3:00,1.6,,,
5/1/2011 3:00,1.6,,,
5/2/2011 3:00,37,,,
5/3/2011 3:00,0,,,
5/4/2011 3:00,0.3,,,
5/5/2011 3:00,0,,,
5/6/2011 3:00,0,,,
5/7/2011 3:00,0,,,
5/8/2011 3:00,20.5,,,
5/9/2011 3:00,0,,,
5/10/2011 3:00,2.5,,,
5/11/2011 3:00,1,,,
5/12/2011 3:00,6.5,,,
5/13/2011 3:00,0.2,,,
5/14/2011 3:00,0.3,,,
5/15/2011 3:00,0,,,
5/16/2011 3:00,0,,,
5/17/2011 3:00,0,,,
5/18/2011 3:00,0.1,,,
5/19/2011 3:00,2.6,,,
5/20/2011 3:00,0,,,
5/21/2011 3:00,3,,,
5/22/2011 3:00,110.7,,,
5/23/2011 3:00,2.5,,,
5/24/2011 3:00,11.5,,,
5/25/2011 3:00,1,,,
5/26/2011 3:00,0,,,
5/27/2011 3:00,0,,,
5/28/2011 3:00,0,,,
5/29/2011 3:00,30.5,,,
5/30/2011 3:00,0,,,
5/31/2011 3:00,5.4,,,
6/1/2011 3:00,0,,,
6/2/2011 3:00,20.7,,,
6/3/2011 3:00,0,,,
6/4/2011 3:00,3.5,,,
6/5/2011 3:00,0,,,
6/6/2011 3:00,0,,,
6/7/2011 3:00,15.3,,,
6/8/2011 3:00,1,,,
6/9/2011 3:00,0,,,
6/10/2011 3:00,0,,,
6/11/2011 3:00,0,,,
6/12/2011 3:00,20.5,,,
6/13/2011 3:00,27.6,,,
6/14/2011 3:00,1.2,,,
6/15/2011 3:00,12.5,,,
6/16/2011 3:00,0,,,
6/17/2011 3:00,21.2,,,
6/18/2011 3:00,1,,,
6/19/2011 3:00,0.1,,,
6/20/2011 3:00,1.5,,,
6/21/2011 3:00,0.1,,,
6/22/2011 3:00,42.8,,,
6/23/2011 3:00,0,,,
6/24/2011 3:00,62.2,,,
6/25/2011 3:00,6,,,
6/26/2011 3:00,3.5,,,
6/27/2011 3:00,0,,,
6/28/2011 3:00,12.3,,,
6/29/2011 3:00,12.6,,,
6/30/2011 3:00,1,,,
7/1/2011 3:00,89.5,,,
7/2/2011 3:00,2.5,,,
7/3/2011 3:00,1.4,,,
7/4/2011 3:00,10.9,,,
7/5/2011 3:00,41.5,,,
7/6/2011 3:00,2,,,
7/7/2011 3:00,1.7,,,
7/8/2011 3:00,3.7,,,
7/9/2011 3:00,0,,,
7/10/2011 3:00,0,,,
7/11/2011 3:00,35.9,,,
7/12/2011 3:00,0.5,,,
7/13/2011 3:00,20.6,,,
7/14/2011 3:00,0.7,,,
7/15/2011 3:00,0,,,
7/16/2011 3:00,5.7,,,
7/17/2011 3:00,9.8,,,
7/18/2011 3:00,29,,,
7/19/2011 3:00,9.3,,,
7/20/2011 3:00,9.3,,,
7/21/2011 3:00,5.4,,,
7/22/2011 3:00,0.2,,,
7/23/2011 3:00,0,,,
7/24/2011 3:00,3,,,
7/25/2011 3:00,0.2,,,
7/26/2011 3:00,13.5,,,
7/27/2011 3:00,7.2,,,
7/28/2011 3:00,13.9,,,
7/29/2011 3:00,5.5,,,
7/30/2011 3:00,19.5,,,
7/31/2011 3:00,2.5,,,
8/1/2011 3:00,31.2,,,
8/2/2011 3:00,30.2,,,
8/3/2011 3:00,0,,,
8/4/2011 3:00,0,,,
8/5/2011 3:00,6.5,,,
8/6/2011 3:00,0,,,
8/7/2011 3:00,1.9,,,
8/8/2011 3:00,0,,,
8/9/2011 3:00,0,,,
8/10/2011 3:00,1.2,,,
8/11/2011 3:00,0,,,
8/12/2011 3:00,0,,,
8/13/2011 3:00,0,,,
8/14/2011 3:00,4.5,,,
8/15/2011 3:00,6.3,,,
8/16/2011 3:00,11.2,,,
8/17/2011 3:00,4.4,,,
8/18/2011 3:00,14.5,,,
8/19/2011 3:00,0,,,
8/20/2011 3:00,0,,,
8/21/2011 3:00,0,,,
8/22/2011 3:00,45.8,,,
8/23/2011 3:00,3.7,,,
8/24/2011 3:00,42,,,
8/25/2011 3:00,28.3,,,
8/26/2011 3:00,43.3,,,
8/27/2011 3:00,48.3,,,
8/28/2011 3:00,0,,,
8/29/2011 3:00,17,,,
8/30/2011 3:00,0,,,
8/31/2011 3:00,0,,,
9/1/2011 3:00,2,,,
9/2/2011 3:00,17.3,,,
9/3/2011 3:00,22.3,,,
9/4/2011 3:00,0,,,
9/5/2011 3:00,0,,,
9/6/2011 3:00,23.6,,,
9/7/2011 3:00,0,,,
9/8/2011 3:00,22.8,,,
9/9/2011 3:00,0,,,
9/10/2011 3:00,0,,,
9/11/2011 3:00,0.4,,,
9/12/2011 3:00,2,,,
9/13/2011 3:00,0,,,
9/14/2011 3:00,5,,,
9/15/2011 3:00,5.2,,,
9/16/2011 3:00,19.2,,,
9/17/2011 3:00,0.2,,,
9/18/2011 3:00,6,,,
9/19/2011 3:00,21.7,,,
9/20/2011 3:00,0,,,
9/21/2011 3:00,29.5,,,
9/22/2011 3:00,11.5,,,
9/23/2011 3:00,0,,,
9/24/2011 3:00,1,,,
9/25/2011 3:00,6,,,
9/26/2011 3:00,12.2,,,
9/27/2011 3:00,21.5,,,
9/28/2011 3:00,1.9,,,
9/29/2011 3:00,0,,,
9/30/2011 3:00,14.6,,,
10/1/2011 3:00,0,,,
10/2/2011 3:00,0,,,
10/3/2011 3:00,0,,,
10/4/2011 3:00,0,,,
10/5/2011 3:00,0,,,
10/6/2011 3:00,0,,,
10/7/2011 3:00,0,,,
10/8/2011 3:00,34.5,,,
10/9/2011 3:00,2,,,
10/10/2011 3:00,0,,,
10/11/2011 3:00,0,,,
10/12/2011 3:00,0,,,
10/13/2011 3:00,0,,,
10/14/2011 3:00,0,,,
10/15/2011 3:00,0,,,
10/16/2011 3:00,0,,,
10/17/2011 3:00,0,,,
10/18/2011 3:00,0,,,
10/19/2011 3:00,0,,,
10/20/2011 3:00,0,,,
10/21/2011 3:00,43.3,,,
10/22/2011 3:00,2.5,,,
10/23/2011 3:00,0,,,
10/24/2011 3:00,0,,,
10/25/2011 3:00,0.1,,,
10/26/2011 3:00,1.5,,,
10/27/2011 3:00,0,,,
10/28/2011 3:00,0,,,
10/29/2011 3:00,0,,,
10/30/2011 3:00,0,,,
10/31/2011 3:00,0,,,
11/1/2011 3:00,0,,,
11/2/2011 3:00,0,,,
11/3/2011 3:00,0,,,
11/4/2011 3:00,0,,,
11/5/2011 3:00,0,,,
11/6/2011 3:00,0,,,
11/7/2011 3:00,0,,,
11/8/2011 3:00,0,,,
11/9/2011 3:00,0,,,
11/10/2011 3:00,0,,,
11/11/2011 3:00,0,,,
11/12/2011 3:00,0,,,
11/13/2011 3:00,0,,,
11/14/2011 3:00,0,,,
11/15/2011 3:00,0,,,
11/16/2011 3:00,22.5,,,
11/17/2011 3:00,2.6,,,
11/18/2011 3:00,0,,,
11/19/2011 3:00,0,,,
11/20/2011 3:00,0,,,
11/21/2011 3:00,0,,,
11/22/2011 3:00,0,,,
11/23/2011 3:00,0,,,
11/24/2011 3:00,0,,,
11/25/2011 3:00,0,,,
11/26/2011 3:00,0,,,
11/27/2011 3:00,0,,,
11/28/2011 3:00,0,,,
11/29/2011 3:00,0,,,
11/30/2011 3:00,0,,,
12/1/2011 3:00,0,,,
12/2/2011 3:00,0,,,
12/3/2011 3:00,0,,,
12/4/2011 3:00,0,,,
12/5/2011 3:00,0,,,
12/6/2011 3:00,0,,,
12/7/2011 3:00,0,,,
12/8/2011 3:00,0,,,
12/9/2011 3:00,0,,,
12/10/2011 3:00,0,,,
12/11/2011 3:00,0,,,
12/12/2011 3:00,0,,,
12/13/2011 3:00,0,,,
12/14/2011 3:00,0,,,
12/15/2011 3:00,0,,,
12/16/2011 3:00,0,,,
12/17/2011 3:00,0,,,
12/18/2011 3:00,0,,,
12/19/2011 3:00,0,,,
12/20/2011 3:00,0,,,
12/21/2011 3:00,0,,,
12/22/2011 3:00,0,,,
12/23/2011 3:00,0,,,
12/24/2011 3:00,0,,,
12/25/2011 3:00,0,,,
12/26/2011 3:00,0,,,
12/27/2011 3:00,0,,,
12/28/2011 3:00,0,,,
12/29/2011 3:00,0,,,
12/30/2011 3:00,0,,,
12/31/2011 3:00,0,,,
1/1/2012 3:00,0,,,
1/2/2012 3:00,5,,,
1/3/2012 3:00,0,,,
1/4/2012 3:00,0,,,
1/5/2012 3:00,0,,,
1/6/2012 3:00,0,,,
1/7/2012 3:00,0,,,
1/8/2012 3:00,0,,,
1/9/2012 3:00,0,,,
1/10/2012 3:00,0,,,
1/11/2012 3:00,0,,,
1/12/2012 3:00,0,,,
1/13/2012 3:00,0,,,
1/14/2012 3:00,0,,,
1/15/2012 3:00,0,,,
1/16/2012 3:00,0,,,
1/17/2012 3:00,0,,,
1/18/2012 3:00,0,,,
1/19/2012 3:00,0,,,
1/20/2012 3:00,0,,,
1/21/2012 3:00,0,,,
1/22/2012 3:00,0,,,
1/23/2012 3:00,0,,,
1/24/2012 3:00,0,,,
1/25/2012 3:00,0,,,
1/26/2012 3:00,0,,,
1/27/2012 3:00,0,,,
1/28/2012 3:00,0,,,
1/29/2012 3:00,0,,,
1/30/2012 3:00,0,,,
1/31/2012 3:00,0,,,
2/1/2012 3:00,0,,,
2/2/2012 3:00,0,,,
2/3/2012 3:00,0,,,
2/4/2012 3:00,0,,,
2/5/2012 3:00,0,,,
2/6/2012 3:00,0,,,
2/7/2012 3:00,0,,,
2/8/2012 3:00,0,,,
2/9/2012 3:00,1.2,,,
2/10/2012 3:00,0,,,
2/11/2012 3:00,0,,,
2/12/2012 3:00,0,,,
2/13/2012 3:00,0,,,
2/14/2012 3:00,0,,,
2/15/2012 3:00,0,,,
2/16/2012 3:00,0,,,
2/17/2012 3:00,0,,,
2/18/2012 3:00,0,,,
2/19/2012 3:00,0,,,
2/20/2012 3:00,0,,,
2/21/2012 3:00,0,,,
2/22/2012 3:00,0,,,
2/23/2012 3:00,0,,,
2/24/2012 3:00,0,,,
2/25/2012 3:00,0,,,
2/26/2012 3:00,0,,,
2/27/2012 3:00,0,,,
2/28/2012 3:00,0,,,
2/29/2012 3:00,0,,,
3/1/2012 3:00,0,,,
3/2/2012 3:00,0,,,
3/3/2012 3:00,0,,,
3/4/2012 3:00,0,,,
3/5/2012 3:00,0,,,
3/6/2012 3:00,0,,,
3/7/2012 3:00,2,,,
3/8/2012 3:00,0,,,
3/9/2012 3:00,0,,,
3/10/2012 3:00,0,,,
3/11/2012 3:00,0,,,
3/12/2012 3:00,0,,,
3/13/2012 3:00,0,,,
3/14/2012 3:00,1,,,
3/15/2012 3:00,0,,,
3/16/2012 3:00,0,,,
3/17/2012 3:00,0,,,
3/18/2012 3:00,0,,,
3/19/2012 3:00,0,,,
3/20/2012 3:00,0,,,
3/21/2012 3:00,0,,,
3/22/2012 3:00,0,,,
3/23/2012 3:00,0,,,
3/24/2012 3:00,0,,,
3/25/2012 3:00,0,,,
3/26/2012 3:00,0,,,
3/27/2012 3:00,0,,,
3/28/2012 3:00,0,,,
3/29/2012 3:00,0,,,
3/30/2012 3:00,0,,,
3/31/2012 3:00,0,,,
4/1/2012 3:00,0,,,
4/2/2012 3:00,0,,,
4/3/2012 3:00,0,,,
4/4/2012 3:00,23.5,,,
4/5/2012 3:00,0,,,
4/6/2012 3:00,15.5,,,
4/7/2012 3:00,41,,,
4/8/2012 3:00,4,,,
4/9/2012 3:00,8,,,
4/10/2012 3:00,9,,,
4/11/2012 3:00,9.3,,,
4/12/2012 3:00,0,,,
4/13/2012 3:00,0,,,
4/14/2012 3:00,4.2,,,
4/15/2012 3:00,0,,,
4/16/2012 3:00,4,,,
4/17/2012 3:00,0,,,
4/18/2012 3:00,0,,,
4/19/2012 3:00,0,,,
4/20/2012 3:00,0,,,
4/21/2012 3:00,0,,,
4/22/2012 3:00,0,,,
4/23/2012 3:00,0,,,
4/24/2012 3:00,0,,,
4/25/2012 3:00,0,,,
4/26/2012 3:00,0,,,
4/27/2012 3:00,0,,,
4/28/2012 3:00,0,,,
4/29/2012 3:00,0,,,
4/30/2012 3:00,0,,,
5/1/2012 3:00,0,,,
5/2/2012 3:00,11.7,,,
5/3/2012 3:00,0,,,
5/4/2012 3:00,12.4,,,
5/5/2012 3:00,2,,,
5/6/2012 3:00,0,,,
5/7/2012 3:00,0,,,
5/8/2012 3:00,0,,,
5/9/2012 3:00,5.5,,,
5/10/2012 3:00,2.5,,,
5/11/2012 3:00,0,,,
5/12/2012 3:00,0,,,
5/13/2012 3:00,15.5,,,
5/14/2012 3:00,2,,,
5/15/2012 3:00,0,,,
5/16/2012 3:00,0,,,
5/17/2012 3:00,0,,,
5/18/2012 3:00,0,,,
5/19/2012 3:00,0,,,
5/20/2012 3:00,0,,,
5/21/2012 3:00,0,,,
5/22/2012 3:00,7.8,,,
5/23/2012 3:00,0,,,
5/24/2012 3:00,0,,,
5/25/2012 3:00,0,,,
5/26/2012 3:00,0,,,
5/27/2012 3:00,1,,,
5/28/2012 3:00,0.1,,,
5/29/2012 3:00,49.5,,,
5/30/2012 3:00,17.5,,,
5/31/2012 3:00,45.5,,,
6/1/2012 3:00,18.7,,,
6/2/2012 3:00,18.7,,,
6/3/2012 3:00,0,,,
6/4/2012 3:00,0,,,
6/5/2012 3:00,16.8,,,
6/6/2012 3:00,30.5,,,
6/7/2012 3:00,0,,,
6/8/2012 3:00,0,,,
6/9/2012 3:00,0,,,
6/10/2012 3:00,0,,,
6/11/2012 3:00,15.5,,,
6/12/2012 3:00,5.5,,,
6/13/2012 3:00,14.4,,,
6/14/2012 3:00,64.6,,,
6/15/2012 3:00,5.2,,,
6/16/2012 3:00,0,,,
6/17/2012 3:00,0.3,,,
6/18/2012 3:00,3.6,,,
6/19/2012 3:00,1,,,
6/20/2012 3:00,0.3,,,
6/21/2012 3:00,4.5,,,
6/22/2012 3:00,6.5,,,
6/23/2012 3:00,0,,,
6/24/2012 3:00,0.5,,,
6/25/2012 3:00,50.8,,,
6/26/2012 3:00,4.2,,,
6/27/2012 3:00,1.7,,,
6/28/2012 3:00,51.8,,,
6/29/2012 3:00,0,,,
6/30/2012 3:00,31,,,
7/1/2012 3:00,3.7,,,
7/2/2012 3:00,0,,,
7/3/2012 3:00,13.7,,,
7/4/2012 3:00,4.8,,,
7/5/2012 3:00,1.1,,,
7/6/2012 3:00,23.5,,,
7/7/2012 3:00,0,,,
7/8/2012 3:00,10.5,,,
7/9/2012 3:00,0,,,
7/10/2012 3:00,12,,,
7/11/2012 3:00,0,,,
7/12/2012 3:00,31.5,,,
7/13/2012 3:00,44.3,,,
7/14/2012 3:00,23.3,,,
7/15/2012 3:00,86.7,,,
7/16/2012 3:00,69.7,,,
7/17/2012 3:00,0,,,
7/18/2012 3:00,50.7,,,
7/19/2012 3:00,23.6,,,
7/20/2012 3:00,0.2,,,
7/21/2012 3:00,0,,,
7/22/2012 3:00,0,,,
7/23/2012 3:00,0,,,
7/24/2012 3:00,0,,,
7/25/2012 3:00,9,,,
7/26/2012 3:00,0.2,,,
7/27/2012 3:00,1.3,,,
7/28/2012 3:00,0.1,,,
7/29/2012 3:00,0,,,
7/30/2012 3:00,0,,,
7/31/2012 3:00,0,,,
8/1/2012 3:00,0,,,
8/2/2012 3:00,52.3,,,
8/3/2012 3:00,18,,,
8/4/2012 3:00,0,,,
8/5/2012 3:00,0,,,
8/6/2012 3:00,12.7,,,
8/7/2012 3:00,1,,,
8/8/2012 3:00,4.5,,,
8/9/2012 3:00,2.5,,,
8/10/2012 3:00,20,,,
8/11/2012 3:00,10,,,
8/12/2012 3:00,4.7,,,
8/13/2012 3:00,12.5,,,
8/14/2012 3:00,2,,,
8/15/2012 3:00,4.7,,,
8/16/2012 3:00,0.2,,,
8/17/2012 3:00,0,,,
8/18/2012 3:00,2,,,
8/19/2012 3:00,0,,,
8/20/2012 3:00,14.5,,,
8/21/2012 3:00,0.2,,,
8/22/2012 3:00,0,,,
8/23/2012 3:00,0,,,
8/24/2012 3:00,14,,,
8/25/2012 3:00,2.8,,,
8/26/2012 3:00,0,,,
8/27/2012 3:00,24.8,,,
8/28/2012 3:00,0,,,
8/29/2012 3:00,27.8,,,
8/30/2012 3:00,0,,,
8/31/2012 3:00,4,,,
9/1/2012 3:00,50.4,,,
9/2/2012 3:00,5.8,,,
9/3/2012 3:00,0,,,
9/4/2012 3:00,14.8,,,
9/5/2012 3:00,0,,,
9/6/2012 3:00,9.9,,,
9/7/2012 3:00,1,,,
9/8/2012 3:00,0,,,
9/9/2012 3:00,0,,,
9/10/2012 3:00,39,,,
9/11/2012 3:00,0,,,
9/12/2012 3:00,0.3,,,
9/13/2012 3:00,0,,,
9/14/2012 3:00,23.4,,,
9/15/2012 3:00,0.1,,,
9/16/2012 3:00,11.8,,,
9/17/2012 3:00,18.2,,,
9/18/2012 3:00,16.9,,,
9/19/2012 3:00,0,,,
9/20/2012 3:00,127.6,,,
9/21/2012 3:00,14.8,,,
9/22/2012 3:00,7.4,,,
9/23/2012 3:00,18,,,
9/24/2012 3:00,0,,,
9/25/2012 3:00,0,,,
9/26/2012 3:00,46.2,,,
9/27/2012 3:00,0,,,
9/28/2012 3:00,0,,,
9/29/2012 3:00,0,,,
9/30/2012 3:00,0,,,
10/1/2012 3:00,7.2,,,
10/2/2012 3:00,38.6,,,
10/3/2012 3:00,4.4,,,
10/4/2012 3:00,36.3,,,
10/5/2012 3:00,14.2,,,
10/6/2012 3:00,0,,,
10/7/2012 3:00,20.8,,,
10/8/2012 3:00,0,,,
10/9/2012 3:00,6,,,
10/10/2012 3:00,10.5,,,
10/11/2012 3:00,0,,,
10/12/2012 3:00,0,,,
10/13/2012 3:00,0,,,
10/14/2012 3:00,0,,,
10/15/2012 3:00,0,,,
10/16/2012 3:00,0,,,
10/17/2012 3:00,0,,,
10/18/2012 3:00,0,,,
10/19/2012 3:00,0,,,
10/20/2012 3:00,0,,,
10/21/2012 3:00,0,,,
10/22/2012 3:00,0,,,
10/23/2012 3:00,0,,,
10/24/2012 3:00,0,,,
10/25/2012 3:00,0,,,
10/26/2012 3:00,0,,,
10/27/2012 3:00,0,,,
10/28/2012 3:00,0,,,
10/29/2012 3:00,0,,,
10/30/2012 3:00,0,,,
10/31/2012 3:00,0,,,
11/1/2012 3:00,0,,,
11/2/2012 3:00,0,,,
11/3/2012 3:00,0,,,
11/4/2012 3:00,0,,,
11/5/2012 3:00,0,,,
11/6/2012 3:00,0,,,
11/7/2012 3:00,0,,,
11/8/2012 3:00,0,,,
11/9/2012 3:00,0,,,
11/10/2012 3:00,0,,,
11/11/2012 3:00,0,,,
11/12/2012 3:00,0,,,
11/13/2012 3:00,0,,,
11/14/2012 3:00,0,,,
11/15/2012 3:00,0,,,
11/16/2012 3:00,0,,,
11/17/2012 3:00,0,,,
11/18/2012 3:00,0,,,
11/19/2012 3:00,0,,,
11/20/2012 3:00,0,,,
11/21/2012 3:00,0,,,
11/22/2012 3:00,0,,,
11/23/2012 3:00,0,,,
11/24/2012 3:00,0,,,
11/25/2012 3:00,0,,,
11/26/2012 3:00,0,,,
11/27/2012 3:00,0,,,
11/28/2012 3:00,0,,,
11/29/2012 3:00,0,,,
11/30/2012 3:00,0,,,
12/1/2012 3:00,0,,,
12/2/2012 3:00,0,,,
12/3/2012 3:00,0,,,
12/4/2012 3:00,0,,,
12/5/2012 3:00,0,,,
12/6/2012 3:00,0,,,
12/7/2012 3:00,0,,,
12/8/2012 3:00,0,,,
12/9/2012 3:00,0,,,
12/10/2012 3:00,0,,,
12/11/2012 3:00,0,,,
12/12/2012 3:00,0,,,
12/13/2012 3:00,0,,,
12/14/2012 3:00,0,,,
12/15/2012 3:00,0,,,
12/16/2012 3:00,0,,,
12/17/2012 3:00,0,,,
12/18/2012 3:00,0,,,
12/19/2012 3:00,0,,,
12/20/2012 3:00,0,,,
12/21/2012 3:00,0,,,
12/22/2012 3:00,0,,,
12/23/2012 3:00,0,,,
12/24/2012 3:00,0,,,
12/25/2012 3:00,0,,,
12/26/2012 3:00,0,,,
12/27/2012 3:00,0,,,
12/28/2012 3:00,0,,,
12/29/2012 3:00,0,,,
12/30/2012 3:00,0,,,
12/31/2012 3:00,0,,,
1/1/2013 3:00,0,,,
1/2/2013 3:00,0,,,
1/3/2013 3:00,0,,,
1/4/2013 3:00,0,,,
1/5/2013 3:00,0,,,
1/6/2013 3:00,0,,,
1/7/2013 3:00,0,,,
1/8/2013 3:00,0,,,
1/9/2013 3:00,0,,,
1/10/2013 3:00,0,,,
1/11/2013 3:00,0,,,
1/12/2013 3:00,0,,,
1/13/2013 3:00,0,,,
1/14/2013 3:00,0,,,
1/15/2013 3:00,0,,,
1/16/2013 3:00,0,,,
1/17/2013 3:00,0,,,
1/18/2013 3:00,0,,,
1/19/2013 3:00,5.5,,,
1/20/2013 3:00,0,,,
1/21/2013 3:00,0,,,
1/22/2013 3:00,0,,,
1/23/2013 3:00,0,,,
1/24/2013 3:00,0,,,
1/25/2013 3:00,0,,,
1/26/2013 3:00,0,,,
1/27/2013 3:00,0,,,
1/28/2013 3:00,0,,,
1/29/2013 3:00,0,,,
1/30/2013 3:00,0,,,
1/31/2013 3:00,0,,,
2/1/2013 3:00,0,,,
2/2/2013 3:00,0,,,
2/3/2013 3:00,0,,,
2/4/2013 3:00,0,,,
2/5/2013 3:00,0,,,
2/6/2013 3:00,0,,,
2/7/2013 3:00,0,,,
2/8/2013 3:00,0,,,
2/9/2013 3:00,0,,,
2/10/2013 3:00,0,,,
2/11/2013 3:00,0,,,
2/12/2013 3:00,0,,,
2/13/2013 3:00,0,,,
2/14/2013 3:00,0,,,
2/15/2013 3:00,0,,,
2/16/2013 3:00,0,,,
2/17/2013 3:00,14.2,,,
2/18/2013 3:00,7.1,,,
2/19/2013 3:00,0,,,
2/20/2013 3:00,0,,,
2/21/2013 3:00,0,,,
2/22/2013 3:00,0,,,
2/23/2013 3:00,0,,,
2/24/2013 3:00,0,,,
2/25/2013 3:00,0,,,
2/26/2013 3:00,0,,,
2/27/2013 3:00,0,,,
2/28/2013 3:00,0,,,
3/1/2013 3:00,0,,,
3/2/2013 3:00,0,,,
3/3/2013 3:00,0,,,
3/4/2013 3:00,0,,,
3/5/2013 3:00,0,,,
3/6/2013 3:00,0,,,
3/7/2013 3:00,0,,,
3/8/2013 3:00,0,,,
3/9/2013 3:00,0,,,
3/10/2013 3:00,0,,,
3/11/2013 3:00,0,,,
3/12/2013 3:00,0,,,
3/13/2013 3:00,0,,,
3/14/2013 3:00,0,,,
3/15/2013 3:00,0,,,
3/16/2013 3:00,0,,,
3/17/2013 3:00,0,,,
3/18/2013 3:00,0,,,
3/19/2013 3:00,0,,,
3/20/2013 3:00,0,,,
3/21/2013 3:00,0,,,
3/22/2013 3:00,12.2,,,
3/23/2013 3:00,0,,,
3/24/2013 3:00,0,,,
3/25/2013 3:00,0,,,
3/26/2013 3:00,0,,,
3/27/2013 3:00,0,,,
3/28/2013 3:00,0,,,
3/29/2013 3:00,0,,,
3/30/2013 3:00,0,,,
3/31/2013 3:00,0,,,
4/1/2013 3:00,0,,,
4/2/2013 3:00,0,,,
4/3/2013 3:00,0,,,
4/4/2013 3:00,0,,,
4/5/2013 3:00,0,,,
4/6/2013 3:00,0,,,
4/7/2013 3:00,0,,,
4/8/2013 3:00,0,,,
4/9/2013 3:00,0,,,
4/10/2013 3:00,0,,,
4/11/2013 3:00,0,,,
4/12/2013 3:00,0,,,
4/13/2013 3:00,0,,,
4/14/2013 3:00,0,,,
4/15/2013 3:00,0,,,
4/16/2013 3:00,7,,,
4/17/2013 3:00,25.5,,,
4/18/2013 3:00,1.8,,,
4/19/2013 3:00,0,,,
4/20/2013 3:00,38.8,,,
4/21/2013 3:00,6.5,,,
4/22/2013 3:00,13.3,,,
4/23/2013 3:00,0,,,
4/24/2013 3:00,0,,,
4/25/2013 3:00,0,,,
4/26/2013 3:00,0,,,
4/27/2013 3:00,34,,,
4/28/2013 3:00,2.1,,,
4/29/2013 3:00,0,,,
4/30/2013 3:00,0,,,
5/1/2013 3:00,0.7,,,
5/2/2013 3:00,0,,,
5/3/2013 3:00,0,,,
5/4/2013 3:00,0,,,
5/5/2013 3:00,0,,,
5/6/2013 3:00,0,,,
5/7/2013 3:00,0,,,
5/8/2013 3:00,0,,,
5/9/2013 3:00,0,,,
5/10/2013 3:00,0,,,
5/11/2013 3:00,0,,,
5/12/2013 3:00,0,,,
5/13/2013 3:00,6.1,,,
5/14/2013 3:00,0,,,
5/15/2013 3:00,8.5,,,
5/16/2013 3:00,1.7,,,
5/17/2013 3:00,0,,,
5/18/2013 3:00,0,,,
5/19/2013 3:00,20.3,,,
5/20/2013 3:00,0,,,
5/21/2013 3:00,0.7,,,
5/22/2013 3:00,11.1,,,
5/23/2013 3:00,2.3,,,
5/24/2013 3:00,1.2,,,
5/25/2013 3:00,0,,,
5/26/2013 3:00,0,,,
5/27/2013 3:00,34.2,,,
5/28/2013 3:00,6.6,,,
5/29/2013 3:00,0,,,
5/30/2013 3:00,12.3,,,
5/31/2013 3:00,17.8,,,
6/1/2013 3:00,6.2,,,
6/2/2013 3:00,0,,,
6/3/2013 3:00,0,,,
6/4/2013 3:00,11.2,,,
6/5/2013 3:00,46.7,,,
6/6/2013 3:00,12.2,,,
6/7/2013 3:00,54.4,,,
6/8/2013 3:00,0.6,,,
6/9/2013 3:00,5,,,
6/10/2013 3:00,0,,,
6/11/2013 3:00,0,,,
6/12/2013 3:00,0,,,
6/13/2013 3:00,0,,,
6/14/2013 3:00,3,,,
6/15/2013 3:00,4.7,,,
6/16/2013 3:00,16.4,,,
6/17/2013 3:00,0,,,
6/18/2013 3:00,51.4,,,
6/19/2013 3:00,35.8,,,
6/20/2013 3:00,0.2,,,
6/21/2013 3:00,42.2,,,
6/22/2013 3:00,0,,,
6/23/2013 3:00,0,,,
6/24/2013 3:00,8.9,,,
6/25/2013 3:00,5.4,,,
6/26/2013 3:00,2.2,,,
6/27/2013 3:00,0.5,,,
6/28/2013 3:00,0,,,
6/29/2013 3:00,2.1,,,
6/30/2013 3:00,2.7,,,
7/1/2013 3:00,17.2,,,
7/2/2013 3:00,14.1,,,
7/3/2013 3:00,16.2,,,
7/4/2013 3:00,0,,,
7/5/2013 3:00,0,,,
7/6/2013 3:00,60.4,,,
7/7/2013 3:00,3.4,,,
7/8/2013 3:00,30.5,,,
7/9/2013 3:00,155.7,,,
7/10/2013 3:00,77.8,,,
7/11/2013 3:00,10.4,,,
7/12/2013 3:00,0,,,
7/13/2013 3:00,9.3,,,
7/14/2013 3:00,4,,,
7/15/2013 3:00,0.2,,,
7/16/2013 3:00,3.4,,,
7/17/2013 3:00,17.3,,,
7/18/2013 3:00,6.1,,,
7/19/2013 3:00,27.3,,,
7/20/2013 3:00,10,,,
7/21/2013 3:00,4.1,,,
7/22/2013 3:00,3.4,,,
7/23/2013 3:00,0,,,
7/24/2013 3:00,0,,,
7/25/2013 3:00,0,,,
7/26/2013 3:00,2.1,,,
7/27/2013 3:00,3.4,,,
7/28/2013 3:00,4.4,,,
7/29/2013 3:00,0,,,
7/30/2013 3:00,0,,,
7/31/2013 3:00,40,,,
8/1/2013 3:00,0,,,
8/2/2013 3:00,2,,,
8/3/2013 3:00,55.1,,,
8/4/2013 3:00,9.5,,,
8/5/2013 3:00,130.5,,,
8/6/2013 3:00,7.5,,,
8/7/2013 3:00,0,,,
8/8/2013 3:00,0.1,,,
8/9/2013 3:00,3,,,
8/10/2013 3:00,0.3,,,
8/11/2013 3:00,0,,,
8/12/2013 3:00,12.5,,,
8/13/2013 3:00,16,,,
8/14/2013 3:00,65.4,,,
8/15/2013 3:00,0.4,,,
8/16/2013 3:00,70.5,,,
8/17/2013 3:00,45,,,
8/18/2013 3:00,54.6,,,
8/19/2013 3:00,4.4,,,
8/20/2013 3:00,4.3,,,
8/21/2013 3:00,8.6,,,
8/22/2013 3:00,4.7,,,
8/23/2013 3:00,0,,,
8/24/2013 3:00,9.8,,,
8/25/2013 3:00,0,,,
8/26/2013 3:00,15.7,,,
8/27/2013 3:00,2,,,
8/28/2013 3:00,1.2,,,
8/29/2013 3:00,0.5,,,
8/30/2013 3:00,0.1,,,
8/31/2013 3:00,2,,,
9/1/2013 3:00,1.5,,,
9/2/2013 3:00,1,,,
9/3/2013 3:00,29.7,,,
9/4/2013 3:00,3.8,,,
9/5/2013 3:00,34.5,,,
9/6/2013 3:00,51.6,,,
9/7/2013 3:00,139.2,,,
9/8/2013 3:00,0.4,,,
9/9/2013 3:00,94.3,,,
9/10/2013 3:00,1.5,,,
9/11/2013 3:00,1.6,,,
9/12/2013 3:00,0,,,
9/13/2013 3:00,1,,,
9/14/2013 3:00,0,,,
9/15/2013 3:00,1.1,,,
9/16/2013 3:00,15.6,,,
9/17/2013 3:00,0,,,
9/18/2013 3:00,0,,,
9/19/2013 3:00,2.9,,,
9/20/2013 3:00,0,,,
9/21/2013 3:00,16,,,
9/22/2013 3:00,0,,,
9/23/2013 3:00,0,,,
9/24/2013 3:00,0,,,
9/25/2013 3:00,0,,,
9/26/2013 3:00,3.3,,,
9/27/2013 3:00,37.3,,,
9/28/2013 3:00,0.2,,,
9/29/2013 3:00,1.5,,,
9/30/2013 3:00,0,,,
10/1/2013 3:00,0,,,
10/2/2013 3:00,0,,,
10/3/2013 3:00,0.5,,,
10/4/2013 3:00,3.6,,,
10/5/2013 3:00,0.3,,,
10/6/2013 3:00,10.1,,,
10/7/2013 3:00,1.1,,,
10/8/2013 3:00,0,,,
10/9/2013 3:00,0,,,
10/10/2013 3:00,0,,,
10/11/2013 3:00,0,,,
10/12/2013 3:00,0,,,
10/13/2013 3:00,0,,,
10/14/2013 3:00,34.5,,,
10/15/2013 3:00,53,,,
10/16/2013 3:00,0,,,
10/17/2013 3:00,0,,,
10/18/2013 3:00,0,,,
10/19/2013 3:00,0,,,
10/20/2013 3:00,0,,,
10/21/2013 3:00,0,,,
10/22/2013 3:00,0.4,,,
10/23/2013 3:00,0,,,
10/24/2013 3:00,0,,,
10/25/2013 3:00,0,,,
10/26/2013 3:00,3.7,,,
10/27/2013 3:00,0,,,
10/28/2013 3:00,0.2,,,
10/29/2013 3:00,0.4,,,
10/30/2013 3:00,0,,,
10/31/2013 3:00,0,,,
11/1/2013 3:00,0,,,
11/2/2013 3:00,4.6,,,
11/3/2013 3:00,0.7,,,
11/4/2013 3:00,11.2,,,
11/5/2013 3:00,0,,,
11/6/2013 3:00,0,,,
11/7/2013 3:00,0,,,
11/8/2013 3:00,0,,,
11/9/2013 3:00,0,,,
11/10/2013 3:00,0,,,
11/11/2013 3:00,0,,,
11/12/2013 3:00,0,,,
11/13/2013 3:00,0,,,
11/14/2013 3:00,0,,,
11/15/2013 3:00,0,,,
11/16/2013 3:00,0,,,
11/17/2013 3:00,0,,,
11/18/2013 3:00,0,,,
11/19/2013 3:00,0,,,
11/20/2013 3:00,0,,,
11/21/2013 3:00,0,,,
11/22/2013 3:00,0,,,
11/23/2013 3:00,0,,,
11/24/2013 3:00,0,,,
11/25/2013 3:00,0,,,
11/26/2013 3:00,0,,,
11/27/2013 3:00,0,,,
11/28/2013 3:00,0,,,
11/29/2013 3:00,0,,,
11/30/2013 3:00,0,,,
12/1/2013 3:00,0,,,
12/2/2013 3:00,0,,,
12/3/2013 3:00,0,,,
12/4/2013 3:00,0,,,
12/5/2013 3:00,0,,,
12/6/2013 3:00,0,,,
12/7/2013 3:00,0,,,
12/8/2013 3:00,0,,,
12/9/2013 3:00,0,,,
12/10/2013 3:00,0,,,
12/11/2013 3:00,0,,,
12/12/2013 3:00,0,,,
12/13/2013 3:00,0,,,
12/14/2013 3:00,0,,,
12/15/2013 3:00,0,,,
12/16/2013 3:00,0,,,
12/17/2013 3:00,0,,,
12/18/2013 3:00,0,,,
12/19/2013 3:00,0,,,
12/20/2013 3:00,0,,,
12/21/2013 3:00,0,,,
12/22/2013 3:00,0,,,
12/23/2013 3:00,0,,,
12/24/2013 3:00,0,,,
12/25/2013 3:00,0,,,
12/26/2013 3:00,0,,,
12/27/2013 3:00,0,,,
12/28/2013 3:00,0,,,
12/29/2013 3:00,0,,,
12/30/2013 3:00,0,,,
12/31/2013 3:00,0,,,
1/1/2014 3:00,0,,,
1/2/2014 3:00,0,,,
1/3/2014 3:00,0,,,
1/4/2014 3:00,0,,,
1/5/2014 3:00,0,,,
1/6/2014 3:00,0,,,
1/7/2014 3:00,0,,,
1/8/2014 3:00,0,,,
1/9/2014 3:00,0,,,
1/10/2014 3:00,0,,,
1/11/2014 3:00,0,,,
1/12/2014 3:00,0,,,
1/13/2014 3:00,0,,,
1/14/2014 3:00,0,,,
1/15/2014 3:00,0,,,
1/16/2014 3:00,0,,,
1/17/2014 3:00,0,,,
1/18/2014 3:00,0,,,
1/19/2014 3:00,0,,,
1/20/2014 3:00,0,,,
1/21/2014 3:00,0,,,
1/22/2014 3:00,0,,,
1/23/2014 3:00,0,,,
1/24/2014 3:00,0,,,
1/25/2014 3:00,0,,,
1/26/2014 3:00,0,,,
1/27/2014 3:00,0,,,
1/28/2014 3:00,0,,,
1/29/2014 3:00,0,,,
1/30/2014 3:00,0,,,
1/31/2014 3:00,0,,,
2/1/2014 3:00,0,,,
2/2/2014 3:00,0,,,
2/3/2014 3:00,0,,,
2/4/2014 3:00,0,,,
2/5/2014 3:00,0,,,
2/6/2014 3:00,0,,,
2/7/2014 3:00,0,,,
2/8/2014 3:00,0,,,
2/9/2014 3:00,0,,,
2/10/2014 3:00,0,,,
2/11/2014 3:00,0,,,
2/12/2014 3:00,0,,,
2/13/2014 3:00,0,,,
2/14/2014 3:00,0.1,,,
2/15/2014 3:00,3.1,,,
2/16/2014 3:00,0,,,
2/17/2014 3:00,16,,,
2/18/2014 3:00,0,,,
2/19/2014 3:00,0,,,
2/20/2014 3:00,0,,,
2/21/2014 3:00,0,,,
2/22/2014 3:00,0,,,
2/23/2014 3:00,0,,,
2/24/2014 3:00,0,,,
2/25/2014 3:00,0,,,
2/26/2014 3:00,0,,,
2/27/2014 3:00,0,,,
2/28/2014 3:00,0,,,
3/1/2014 3:00,0.4,,,
3/2/2014 3:00,0,,,
3/3/2014 3:00,0,,,
3/4/2014 3:00,0,,,
3/5/2014 3:00,0,,,
3/6/2014 3:00,0,,,
3/7/2014 3:00,0,,,
3/8/2014 3:00,0,,,
3/9/2014 3:00,0,,,
3/10/2014 3:00,0,,,
3/11/2014 3:00,0,,,
3/12/2014 3:00,0,,,
3/13/2014 3:00,0,,,
3/14/2014 3:00,0,,,
3/15/2014 3:00,0,,,
3/16/2014 3:00,0,,,
3/17/2014 3:00,0,,,
3/18/2014 3:00,0,,,
3/19/2014 3:00,0,,,
3/20/2014 3:00,0,,,
3/21/2014 3:00,0,,,
3/22/2014 3:00,0,,,
3/23/2014 3:00,0,,,
3/24/2014 3:00,0,,,
3/25/2014 3:00,0,,,
3/26/2014 3:00,2.9,,,
3/27/2014 3:00,0,,,
3/28/2014 3:00,0,,,
3/29/2014 3:00,0,,,
3/30/2014 3:00,0,,,
3/31/2014 3:00,0,,,
4/1/2014 3:00,0,,,
4/2/2014 3:00,0,,,
4/3/2014 3:00,0,,,
4/4/2014 3:00,0.4,,,
4/5/2014 3:00,0,,,
4/6/2014 3:00,0,,,
4/7/2014 3:00,0,,,
4/8/2014 3:00,3.7,,,
4/9/2014 3:00,1,,,
4/10/2014 3:00,0,,,
4/11/2014 3:00,0,,,
4/12/2014 3:00,0,,,
4/13/2014 3:00,0,,,
4/14/2014 3:00,2,,,
4/15/2014 3:00,0,,,
4/16/2014 3:00,0,,,
4/17/2014 3:00,0,,,
4/18/2014 3:00,0,,,
4/19/2014 3:00,0,,,
4/20/2014 3:00,0,,,
4/21/2014 3:00,0,,,
4/22/2014 3:00,0,,,
4/23/2014 3:00,0,,,
4/24/2014 3:00,0,,,
4/25/2014 3:00,0,,,
4/26/2014 3:00,0,,,
4/27/2014 3:00,0,,,
4/28/2014 3:00,7.7,,,
4/29/2014 3:00,0,,,
4/30/2014 3:00,8.8,,,
5/1/2014 3:00,0,,,
5/2/2014 3:00,37.5,,,
5/3/2014 3:00,0.5,,,
5/4/2014 3:00,0.6,,,
5/5/2014 3:00,6.3,,,
5/6/2014 3:00,4.1,,,
5/7/2014 3:00,0.4,,,
5/8/2014 3:00,3.1,,,
5/9/2014 3:00,0,,,
5/10/2014 3:00,0,,,
5/11/2014 3:00,0,,,
5/12/2014 3:00,0,,,
5/13/2014 3:00,0,,,
5/14/2014 3:00,0,,,
5/15/2014 3:00,0,,,
5/16/2014 3:00,0,,,
5/17/2014 3:00,0,,,
5/18/2014 3:00,0,,,
5/19/2014 3:00,0,,,
5/20/2014 3:00,0,,,
5/21/2014 3:00,0,,,
5/22/2014 3:00,25.2,,,
5/23/2014 3:00,0,,,
5/24/2014 3:00,0,,,
5/25/2014 3:00,6.4,,,
5/26/2014 3:00,21.2,,,
5/27/2014 3:00,5.5,,,
5/28/2014 3:00,62.7,,,
5/29/2014 3:00,5.5,,,
5/30/2014 3:00,0.4,,,
5/31/2014 3:00,0,,,
6/1/2014 3:00,0,,,
6/2/2014 3:00,0,,,
6/3/2014 3:00,93.7,,,
6/4/2014 3:00,3.7,,,
6/5/2014 3:00,6.5,,,
6/6/2014 3:00,26.1,,,
6/7/2014 3:00,0.4,,,
6/8/2014 3:00,0.3,,,
6/9/2014 3:00,0,,,
6/10/2014 3:00,9.5,,,
6/11/2014 3:00,0,,,
6/12/2014 3:00,0,,,
6/13/2014 3:00,7,,,
6/14/2014 3:00,0.2,,,
6/15/2014 3:00,0,,,
6/16/2014 3:00,0,,,
6/17/2014 3:00,3.9,,,
6/18/2014 3:00,0,,,
6/19/2014 3:00,3.4,,,
6/20/2014 3:00,6.4,,,
6/21/2014 3:00,1,,,
6/22/2014 3:00,3.1,,,
6/23/2014 3:00,79.1,,,
6/24/2014 3:00,0.7,,,
6/25/2014 3:00,0,,,
6/26/2014 3:00,0,,,
6/27/2014 3:00,14.5,,,
6/28/2014 3:00,0,,,
6/29/2014 3:00,1.6,,,
6/30/2014 3:00,1.2,,,
7/1/2014 3:00,15.7,,,
7/2/2014 3:00,20.8,,,
7/3/2014 3:00,3.7,,,
7/4/2014 3:00,37.3,,,
7/5/2014 3:00,2.3,,,
7/6/2014 3:00,0.4,,,
7/7/2014 3:00,0,,,
7/8/2014 3:00,13.3,,,
7/9/2014 3:00,0,,,
7/10/2014 3:00,0,,,
7/11/2014 3:00,1.7,,,
7/12/2014 3:00,9.6,,,
7/13/2014 3:00,30.8,,,
7/14/2014 3:00,0,,,
7/15/2014 3:00,37,,,
7/16/2014 3:00,0,,,
7/17/2014 3:00,2.9,,,
7/18/2014 3:00,0,,,
7/19/2014 3:00,10,,,
7/20/2014 3:00,0,,,
7/21/2014 3:00,0.4,,,
7/22/2014 3:00,0.5,,,
7/23/2014 3:00,0.4,,,
7/24/2014 3:00,16.4,,,
7/25/2014 3:00,14,,,
7/26/2014 3:00,0.4,,,
7/27/2014 3:00,13.5,,,
7/28/2014 3:00,48.1,,,
7/29/2014 3:00,0,,,
7/30/2014 3:00,18,,,
7/31/2014 3:00,0,,,
8/1/2014 3:00,4,,,
8/2/2014 3:00,5.8,,,
8/3/2014 3:00,1.7,,,
8/4/2014 3:00,0,,,
8/5/2014 3:00,0.3,,,
8/6/2014 3:00,0,,,
8/7/2014 3:00,19,,,
8/8/2014 3:00,0,,,
8/9/2014 3:00,49.5,,,
8/10/2014 3:00,0,,,
8/11/2014 3:00,0,,,
8/12/2014 3:00,1.6,,,
8/13/2014 3:00,10.8,,,
8/14/2014 3:00,113.5,,,
8/15/2014 3:00,105.5,,,
8/16/2014 3:00,7.6,,,
8/17/2014 3:00,47.9,,,
8/18/2014 3:00,50.2,,,
8/19/2014 3:00,64.5,,,
8/20/2014 3:00,27.1,,,
8/21/2014 3:00,2,,,
8/22/2014 3:00,0,,,
8/23/2014 3:00,0,,,
8/24/2014 3:00,36.8,,,
8/25/2014 3:00,15.8,,,
8/26/2014 3:00,2,,,
8/27/2014 3:00,0,,,
8/28/2014 3:00,4,,,
8/29/2014 3:00,0,,,
8/30/2014 3:00,0,,,
8/31/2014 3:00,56.8,,,
9/1/2014 3:00,12.7,,,
9/2/2014 3:00,0,,,
9/3/2014 3:00,0,,,
9/4/2014 3:00,13.1,,,
9/5/2014 3:00,0,,,
9/6/2014 3:00,42.6,,,
9/7/2014 3:00,0,,,
9/8/2014 3:00,0,,,
9/9/2014 3:00,27.7,,,
9/10/2014 3:00,0.4,,,
9/11/2014 3:00,0,,,
9/12/2014 3:00,0,,,
9/13/2014 3:00,15,,,
9/14/2014 3:00,0,,,
9/15/2014 3:00,13.7,,,
9/16/2014 3:00,1.7,,,
9/17/2014 3:00,6,,,
9/18/2014 3:00,0,,,
9/19/2014 3:00,5.4,,,
9/20/2014 3:00,36.5,,,
9/21/2014 3:00,6,,,
9/22/2014 3:00,0.7,,,
9/23/2014 3:00,0.4,,,
9/24/2014 3:00,0,,,
9/25/2014 3:00,27.4,,,
9/26/2014 3:00,7,,,
9/27/2014 3:00,0.4,,,
9/28/2014 3:00,10.8,,,
9/29/2014 3:00,0,,,
9/30/2014 3:00,0,,,
10/1/2014 3:00,0,,,
10/2/2014 3:00,0,,,
10/3/2014 3:00,0,,,
10/4/2014 3:00,0,,,
10/5/2014 3:00,0,,,
10/6/2014 3:00,0,,,
10/7/2014 3:00,0,,,
10/8/2014 3:00,0,,,
10/9/2014 3:00,0,,,
10/10/2014 3:00,0,,,
10/11/2014 3:00,0,,,
10/12/2014 3:00,0,,,
10/13/2014 3:00,1.3,,,
10/14/2014 3:00,0.4,,,
10/15/2014 3:00,41.3,,,
10/16/2014 3:00,0,,,
10/17/2014 3:00,0,,,
10/18/2014 3:00,0,,,
10/19/2014 3:00,0,,,
10/20/2014 3:00,0,,,
10/21/2014 3:00,0,,,
10/22/2014 3:00,0,,,
10/23/2014 3:00,0,,,
10/24/2014 3:00,0,,,
10/25/2014 3:00,0,,,
10/26/2014 3:00,0,,,
10/27/2014 3:00,0,,,
10/28/2014 3:00,0,,,
10/29/2014 3:00,1.9,,,
10/30/2014 3:00,0,,,
10/31/2014 3:00,0,,,
11/1/2014 3:00,0,,,
11/2/2014 3:00,0,,,
11/3/2014 3:00,0,,,
11/4/2014 3:00,0,,,
11/5/2014 3:00,0,,,
11/6/2014 3:00,0,,,
11/7/2014 3:00,0,,,
11/8/2014 3:00,0,,,
11/9/2014 3:00,0,,,
11/10/2014 3:00,0,,,
11/11/2014 3:00,0,,,
11/12/2014 3:00,0,,,
11/13/2014 3:00,0,,,
11/14/2014 3:00,0,,,
11/15/2014 3:00,0,,,
11/16/2014 3:00,0,,,
11/17/2014 3:00,0,,,
11/18/2014 3:00,0,,,
11/19/2014 3:00,0,,,
11/20/2014 3:00,0,,,
11/21/2014 3:00,0,,,
11/22/2014 3:00,0,,,
11/23/2014 3:00,0,,,
11/24/2014 3:00,0,,,
11/25/2014 3:00,0,,,
11/26/2014 3:00,0,,,
11/27/2014 3:00,0,,,
11/28/2014 3:00,0,,,
11/29/2014 3:00,0,,,
11/30/2014 3:00,0,,,
12/1/2014 3:00,0,,,
12/2/2014 3:00,0,,,
12/3/2014 3:00,0,,,
12/4/2014 3:00,0,,,
12/5/2014 3:00,0,,,
12/6/2014 3:00,0,,,
12/7/2014 3:00,0,,,
12/8/2014 3:00,0,,,
12/9/2014 3:00,0,,,
12/10/2014 3:00,0,,,
12/11/2014 3:00,0,,,
12/12/2014 3:00,0,,,
12/13/2014 3:00,0,,,
12/14/2014 3:00,0,,,
12/15/2014 3:00,0,,,
12/16/2014 3:00,1.1,,,
12/17/2014 3:00,0,,,
12/18/2014 3:00,0,,,
12/19/2014 3:00,0,,,
12/20/2014 3:00,0,,,
12/21/2014 3:00,0,,,
12/22/2014 3:00,0,,,
12/23/2014 3:00,0,,,
12/24/2014 3:00,0,,,
12/25/2014 3:00,0,,,
12/26/2014 3:00,0,,,
12/27/2014 3:00,0,,,
12/28/2014 3:00,0,,,
12/29/2014 3:00,0,,,
12/30/2014 3:00,0,,,
12/31/2014 3:00,0,,,
1/1/2015 3:00,0,,,
1/2/2015 3:00,0,,,
1/3/2015 3:00,0.4,,,
1/4/2015 3:00,2.5,,,
1/5/2015 3:00,0.2,,,
1/6/2015 3:00,0,,,
1/7/2015 3:00,0,,,
1/8/2015 3:00,0,,,
1/9/2015 3:00,0.2,,,
1/10/2015 3:00,0,,,
1/11/2015 3:00,0,,,
1/12/2015 3:00,0,,,
1/13/2015 3:00,0,,,
1/14/2015 3:00,0,,,
1/15/2015 3:00,0,,,
1/16/2015 3:00,0,,,
1/17/2015 3:00,0,,,
1/18/2015 3:00,0,,,
1/19/2015 3:00,0,,,
1/20/2015 3:00,0,,,
1/21/2015 3:00,0,,,
1/22/2015 3:00,0,,,
1/23/2015 3:00,0,,,
1/24/2015 3:00,0,,,
1/25/2015 3:00,0,,,
1/26/2015 3:00,0,,,
1/27/2015 3:00,0,,,
1/28/2015 3:00,0,,,
1/29/2015 3:00,0,,,
1/30/2015 3:00,0,,,
1/31/2015 3:00,0,,,
2/1/2015 3:00,0,,,
2/2/2015 3:00,0,,,
2/3/2015 3:00,0,,,
2/4/2015 3:00,0,,,
2/5/2015 3:00,0,,,
2/6/2015 3:00,0,,,
2/7/2015 3:00,0,,,
2/8/2015 3:00,0,,,
2/9/2015 3:00,0,,,
2/10/2015 3:00,0,,,
2/11/2015 3:00,0,,,
2/12/2015 3:00,0,,,
2/13/2015 3:00,0,,,
2/14/2015 3:00,0,,,
2/15/2015 3:00,0,,,
2/16/2015 3:00,0,,,
2/17/2015 3:00,0,,,
2/18/2015 3:00,0,,,
2/19/2015 3:00,0,,,
2/20/2015 3:00,0,,,
2/21/2015 3:00,0,,,
2/22/2015 3:00,0,,,
2/23/2015 3:00,0,,,
2/24/2015 3:00,0,,,
2/25/2015 3:00,0,,,
2/26/2015 3:00,0,,,
2/27/2015 3:00,0,,,
2/28/2015 3:00,0,,,
3/1/2015 3:00,0,,,
3/2/2015 3:00,1,,,
3/3/2015 3:00,3,,,
3/4/2015 3:00,0,,,
3/5/2015 3:00,0,,,
3/6/2015 3:00,0,,,
3/7/2015 3:00,0,,,
3/8/2015 3:00,0,,,
3/9/2015 3:00,0,,,
3/10/2015 3:00,0,,,
3/11/2015 3:00,0,,,
3/12/2015 3:00,0,,,
3/13/2015 3:00,0,,,
3/14/2015 3:00,0,,,
3/15/2015 3:00,0,,,
3/16/2015 3:00,0,,,
3/17/2015 3:00,0,,,
3/18/2015 3:00,0,,,
3/19/2015 3:00,0,,,
3/20/2015 3:00,0,,,
3/21/2015 3:00,0,,,
3/22/2015 3:00,0,,,
3/23/2015 3:00,0,,,
3/24/2015 3:00,0,,,
3/25/2015 3:00,0,,,
3/26/2015 3:00,0,,,
3/27/2015 3:00,0,,,
3/28/2015 3:00,2,,,
3/29/2015 3:00,0,,,
3/30/2015 3:00,0,,,
3/31/2015 3:00,12.4,,,
4/1/2015 3:00,0,,,
4/2/2015 3:00,0,,,
4/3/2015 3:00,0,,,
4/4/2015 3:00,1.4,,,
4/5/2015 3:00,1.5,,,
4/6/2015 3:00,0,,,
4/7/2015 3:00,0,,,
4/8/2015 3:00,0.3,,,
4/9/2015 3:00,0,,,
4/10/2015 3:00,0,,,
4/11/2015 3:00,0,,,
4/12/2015 3:00,0,,,
4/13/2015 3:00,21,,,
4/14/2015 3:00,0,,,
4/15/2015 3:00,0,,,
4/16/2015 3:00,0,,,
4/17/2015 3:00,0,,,
4/18/2015 3:00,19.7,,,
4/19/2015 3:00,2.6,,,
4/20/2015 3:00,0,,,
4/21/2015 3:00,0,,,
4/22/2015 3:00,0.4,,,
4/23/2015 3:00,0,,,
4/24/2015 3:00,0,,,
4/25/2015 3:00,15.9,,,
4/26/2015 3:00,0,,,
4/27/2015 3:00,0,,,
4/28/2015 3:00,0,,,
4/29/2015 3:00,0.3,,,
4/30/2015 3:00,0,,,
5/1/2015 3:00,0,,,
5/2/2015 3:00,0,,,
5/3/2015 3:00,46.5,,,
5/4/2015 3:00,7.5,,,
5/5/2015 3:00,0,,,
5/6/2015 3:00,0,,,
5/7/2015 3:00,0,,,
5/8/2015 3:00,0,,,
5/9/2015 3:00,0,,,
5/10/2015 3:00,0,,,
5/11/2015 3:00,0,,,
5/12/2015 3:00,0,,,
5/13/2015 3:00,0,,,
5/14/2015 3:00,4.9,,,
5/15/2015 3:00,0,,,
5/16/2015 3:00,0,,,
5/17/2015 3:00,26.3,,,
5/18/2015 3:00,2,,,
5/19/2015 3:00,10,,,
5/20/2015 3:00,99.5,,,
5/21/2015 3:00,0,,,
5/22/2015 3:00,0.5,,,
5/23/2015 3:00,0,,,
5/24/2015 3:00,8.8,,,
5/25/2015 3:00,0,,,
5/26/2015 3:00,9.5,,,
5/27/2015 3:00,6,,,
5/28/2015 3:00,9,,,
5/29/2015 3:00,6,,,
5/30/2015 3:00,1.1,,,
5/31/2015 3:00,0,,,
6/1/2015 3:00,0,,,
6/2/2015 3:00,1.6,,,
6/3/2015 3:00,0,,,
6/4/2015 3:00,48.3,,,
6/5/2015 3:00,0,,,
6/6/2015 3:00,43.4,,,
6/7/2015 3:00,0,,,
6/8/2015 3:00,0,,,
6/9/2015 3:00,9.5,,,
6/10/2015 3:00,19.8,,,
6/11/2015 3:00,18.9,,,
6/12/2015 3:00,0.3,,,
6/13/2015 3:00,0,,,
6/14/2015 3:00,0.5,,,
6/15/2015 3:00,15.2,,,
6/16/2015 3:00,0,,,
6/17/2015 3:00,1.5,,,
6/18/2015 3:00,0,,,
6/19/2015 3:00,29.8,,,
6/20/2015 3:00,0,,,
6/21/2015 3:00,26,,,
6/22/2015 3:00,5.9,,,
6/23/2015 3:00,0,,,
6/24/2015 3:00,0,,,
6/25/2015 3:00,0.2,,,
6/26/2015 3:00,7,,,
6/27/2015 3:00,24,,,
6/28/2015 3:00,14.1,,,
6/29/2015 3:00,2.2,,,
6/30/2015 3:00,4.8,,,
7/1/2015 3:00,60.9,,,
7/2/2015 3:00,11.5,,,
7/3/2015 3:00,19.6,,,
7/4/2015 3:00,21.2,,,
7/5/2015 3:00,99.9,,,
7/6/2015 3:00,0.2,,,
7/7/2015 3:00,0,,,
7/8/2015 3:00,0,,,
7/9/2015 3:00,0,,,
7/10/2015 3:00,2.5,,,
7/11/2015 3:00,0.3,,,
7/12/2015 3:00,0,,,
7/13/2015 3:00,51.5,,,
7/14/2015 3:00,16.1,,,
7/15/2015 3:00,65.7,,,
7/16/2015 3:00,7.3,,,
7/17/2015 3:00,2.5,,,
7/18/2015 3:00,0,,,
7/19/2015 3:00,49.8,,,
7/20/2015 3:00,0,,,
7/21/2015 3:00,0,,,
7/22/2015 3:00,0,,,
7/23/2015 3:00,16.8,,,
7/24/2015 3:00,0,,,
7/25/2015 3:00,7.4,,,
7/26/2015 3:00,0,,,
7/27/2015 3:00,0,,,
7/28/2015 3:00,3.6,,,
7/29/2015 3:00,0,,,
7/30/2015 3:00,0.6,,,
7/31/2015 3:00,3.5,,,
8/1/2015 3:00,0.5,,,
8/2/2015 3:00,35.7,,,
8/3/2015 3:00,0,,,
8/4/2015 3:00,0,,,
8/5/2015 3:00,14.1,,,
8/6/2015 3:00,67.8,,,
8/7/2015 3:00,23.4,,,
8/8/2015 3:00,0,,,
8/9/2015 3:00,37.8,,,
8/10/2015 3:00,5.1,,,
8/11/2015 3:00,71,,,
8/12/2015 3:00,48.1,,,
8/13/2015 3:00,3.8,,,
8/14/2015 3:00,0,,,
8/15/2015 3:00,0,,,
8/16/2015 3:00,0,,,
8/17/2015 3:00,0,,,
8/18/2015 3:00,39.4,,,
8/19/2015 3:00,41.6,,,
8/20/2015 3:00,43.6,,,
8/21/2015 3:00,22.8,,,
8/22/2015 3:00,0,,,
8/23/2015 3:00,21.7,,,
8/24/2015 3:00,6,,,
8/25/2015 3:00,26.3,,,
8/26/2015 3:00,0,,,
8/27/2015 3:00,0.4,,,
8/28/2015 3:00,1.3,,,
8/29/2015 3:00,0,,,
8/30/2015 3:00,0,,,
8/31/2015 3:00,1.5,,,
9/1/2015 3:00,14.8,,,
9/2/2015 3:00,0,,,
9/3/2015 3:00,10.5,,,
9/4/2015 3:00,62.5,,,
9/5/2015 3:00,0,,,
9/6/2015 3:00,67.3,,,
9/7/2015 3:00,3.3,,,
9/8/2015 3:00,0,,,
9/9/2015 3:00,0.4,,,
9/10/2015 3:00,12.1,,,
9/11/2015 3:00,0.3,,,
9/12/2015 3:00,4.6,,,
9/13/2015 3:00,0,,,
9/14/2015 3:00,0,,,
9/15/2015 3:00,15.5,,,
9/16/2015 3:00,0.5,,,
9/17/2015 3:00,0,,,
9/18/2015 3:00,0,,,
9/19/2015 3:00,0,,,
9/20/2015 3:00,7.9,,,
9/21/2015 3:00,8.6,,,
9/22/2015 3:00,0.7,,,
9/23/2015 3:00,3.2,,,
9/24/2015 3:00,12.2,,,
9/25/2015 3:00,9.6,,,
9/26/2015 3:00,0,,,
9/27/2015 3:00,0,,,
9/28/2015 3:00,0,,,
9/29/2015 3:00,0,,,
9/30/2015 3:00,0,,,
10/1/2015 3:00,0,,,
10/2/2015 3:00,0,,,
10/3/2015 3:00,3.7,,,
10/4/2015 3:00,0,,,
10/5/2015 3:00,0,,,
10/6/2015 3:00,0,,,
10/7/2015 3:00,0,,,
10/8/2015 3:00,0,,,
10/9/2015 3:00,0,,,
10/10/2015 3:00,0,,,
10/11/2015 3:00,0,,,
10/12/2015 3:00,0,,,
10/13/2015 3:00,0,,,
10/14/2015 3:00,0,,,
10/15/2015 3:00,0.7,,,
10/16/2015 3:00,0,,,
10/17/2015 3:00,1.9,,,
10/18/2015 3:00,0,,,
10/19/2015 3:00,0,,,
10/20/2015 3:00,0,,,
10/21/2015 3:00,0,,,
10/22/2015 3:00,0,,,
10/23/2015 3:00,0.8,,,
10/24/2015 3:00,7.5,,,
10/25/2015 3:00,0,,,
10/26/2015 3:00,0,,,
10/27/2015 3:00,0,,,
10/28/2015 3:00,0,,,
10/29/2015 3:00,0,,,
10/30/2015 3:00,0,,,
10/31/2015 3:00,0,,,
11/1/2015 3:00,0,,,
11/2/2015 3:00,0,,,
11/3/2015 3:00,2,,,
11/4/2015 3:00,0,,,
11/5/2015 3:00,0,,,
11/6/2015 3:00,0,,,
11/7/2015 3:00,0,,,
11/8/2015 3:00,0,,,
11/9/2015 3:00,0,,,
11/10/2015 3:00,0,,,
11/11/2015 3:00,0,,,
11/12/2015 3:00,0,,,
11/13/2015 3:00,0,,,
11/14/2015 3:00,0,,,
11/15/2015 3:00,0,,,
11/16/2015 3:00,0,,,
11/17/2015 3:00,0,,,
11/18/2015 3:00,1.5,,,
11/19/2015 3:00,0,,,
11/20/2015 3:00,0,,,
11/21/2015 3:00,0,,,
11/22/2015 3:00,0,,,
11/23/2015 3:00,0,,,
11/24/2015 3:00,0,,,
11/25/2015 3:00,0,,,
11/26/2015 3:00,0,,,
11/27/2015 3:00,0,,,
11/28/2015 3:00,0,,,
11/29/2015 3:00,0,,,
11/30/2015 3:00,0,,,
12/1/2015 3:00,0,,,
12/2/2015 3:00,0,,,
12/3/2015 3:00,0,,,
12/4/2015 3:00,0,,,
12/5/2015 3:00,0,,,
12/6/2015 3:00,2.4,,,
12/7/2015 3:00,0,,,
12/8/2015 3:00,0,,,
12/9/2015 3:00,0,,,
12/10/2015 3:00,0,,,
12/11/2015 3:00,0,,,
12/12/2015 3:00,0,,,
12/13/2015 3:00,0,,,
12/14/2015 3:00,0,,,
12/15/2015 3:00,0,,,
12/16/2015 3:00,0,,,
12/17/2015 3:00,0,,,
12/18/2015 3:00,0,,,
12/19/2015 3:00,0,,,
12/20/2015 3:00,0,,,
12/21/2015 3:00,0,,,
12/22/2015 3:00,0,,,
12/23/2015 3:00,0,,,
12/24/2015 3:00,0,,,
12/25/2015 3:00,0,,,
12/26/2015 3:00,0,,,
12/27/2015 3:00,0,,,
12/28/2015 3:00,0,,,
12/29/2015 3:00,0,,,
12/30/2015 3:00,0,,,
12/31/2015 3:00,0,,,
1/1/2016 3:00,0,,,
1/2/2016 3:00,0,,,
1/3/2016 3:00,0,,,
1/4/2016 3:00,0,,,
1/5/2016 3:00,0,,,
1/6/2016 3:00,0,,,
1/7/2016 3:00,0,,,
1/8/2016 3:00,0,,,
1/9/2016 3:00,0,,,
1/10/2016 3:00,0,,,
1/11/2016 3:00,0,,,
1/12/2016 3:00,0,,,
1/13/2016 3:00,0,,,
1/14/2016 3:00,0,,,
1/15/2016 3:00,0,,,
1/16/2016 3:00,0,,,
1/17/2016 3:00,0,,,
1/18/2016 3:00,0,,,
1/19/2016 3:00,0,,,
1/20/2016 3:00,2.1,,,
1/21/2016 3:00,9.2,,,
1/22/2016 3:00,0,,,
1/23/2016 3:00,0,,,
1/24/2016 3:00,0,,,
1/25/2016 3:00,0,,,
1/26/2016 3:00,0,,,
1/27/2016 3:00,0,,,
1/28/2016 3:00,0,,,
1/29/2016 3:00,0,,,
1/30/2016 3:00,0,,,
1/31/2016 3:00,0,,,
2/1/2016 3:00,0,,,
2/2/2016 3:00,0,,,
2/3/2016 3:00,0,,,
2/4/2016 3:00,0,,,
2/5/2016 3:00,0,,,
2/6/2016 3:00,0,,,
2/7/2016 3:00,0,,,
2/8/2016 3:00,0,,,
2/9/2016 3:00,0,,,
2/10/2016 3:00,0,,,
2/11/2016 3:00,0,,,
2/12/2016 3:00,0,,,
2/13/2016 3:00,0,,,
2/14/2016 3:00,0,,,
2/15/2016 3:00,0,,,
2/16/2016 3:00,0,,,
2/17/2016 3:00,0,,,
2/18/2016 3:00,0,,,
2/19/2016 3:00,0,,,
2/20/2016 3:00,0,,,
2/21/2016 3:00,0,,,
2/22/2016 3:00,0,,,
2/23/2016 3:00,0,,,
2/24/2016 3:00,0,,,
2/25/2016 3:00,0,,,
2/26/2016 3:00,0,,,
2/27/2016 3:00,0,,,
2/28/2016 3:00,0,,,
2/29/2016 3:00,0,,,
3/1/2016 3:00,0,,,
3/2/2016 3:00,0,,,
3/3/2016 3:00,0,,,
3/4/2016 3:00,0,,,
3/5/2016 3:00,0,,,
3/6/2016 3:00,0,,,
3/7/2016 3:00,0,,,
3/8/2016 3:00,0,,,
3/9/2016 3:00,0,,,
3/10/2016 3:00,0,,,
3/11/2016 3:00,0,,,
3/12/2016 3:00,0,,,
3/13/2016 3:00,0,,,
3/14/2016 3:00,0,,,
3/15/2016 3:00,0,,,
3/16/2016 3:00,0,,,
3/17/2016 3:00,0,,,
3/18/2016 3:00,0,,,
3/19/2016 3:00,0,,,
3/20/2016 3:00,0,,,
3/21/2016 3:00,0,,,
3/22/2016 3:00,0,,,
3/23/2016 3:00,0,,,
3/24/2016 3:00,0,,,
3/25/2016 3:00,0,,,
3/26/2016 3:00,0,,,
3/27/2016 3:00,0,,,
3/28/2016 3:00,37.7,,,
3/29/2016 3:00,10.3,,,
3/30/2016 3:00,0,,,
3/31/2016 3:00,0.4,,,
4/1/2016 3:00,15.5,,,
4/2/2016 3:00,0,,,
4/3/2016 3:00,0,,,
4/4/2016 3:00,0,,,
4/5/2016 3:00,0,,,
4/6/2016 3:00,0,,,
4/7/2016 3:00,0,,,
4/8/2016 3:00,0,,,
4/9/2016 3:00,0,,,
4/10/2016 3:00,0,,,
4/11/2016 3:00,0,,,
4/12/2016 3:00,0,,,
4/13/2016 3:00,0,,,
4/14/2016 3:00,0,,,
4/15/2016 3:00,0,,,
4/16/2016 3:00,0,,,
4/17/2016 3:00,0,,,
4/18/2016 3:00,0,,,
4/19/2016 3:00,19.9,,,
4/20/2016 3:00,0,,,
4/21/2016 3:00,0,,,
4/22/2016 3:00,0,,,
4/23/2016 3:00,0,,,
4/24/2016 3:00,0,,,
4/25/2016 3:00,0,,,
4/26/2016 3:00,0,,,
4/27/2016 3:00,0,,,
4/28/2016 3:00,0,,,
4/29/2016 3:00,0,,,
4/30/2016 3:00,0,,,
5/1/2016 3:00,0,,,
5/2/2016 3:00,0,,,
5/3/2016 3:00,0,,,
5/4/2016 3:00,0,,,
5/5/2016 3:00,0,,,
5/6/2016 3:00,53.3,,,
5/7/2016 3:00,15.3,,,
5/8/2016 3:00,3.6,,,
5/9/2016 3:00,0,,,
5/10/2016 3:00,0.4,,,
5/11/2016 3:00,8.7,,,
5/12/2016 3:00,0,,,
5/13/2016 3:00,1.8,,,
5/14/2016 3:00,0,,,
5/15/2016 3:00,0,,,
5/16/2016 3:00,2.9,,,
5/17/2016 3:00,0,,,
5/18/2016 3:00,4,,,
5/19/2016 3:00,0,,,
5/20/2016 3:00,6.5,,,
5/21/2016 3:00,0,,,
5/22/2016 3:00,10.4,,,
5/23/2016 3:00,0,,,
5/24/2016 3:00,43.2,,,
5/25/2016 3:00,0,,,
5/26/2016 3:00,15,,,
5/27/2016 3:00,3.5,,,
5/28/2016 3:00,0,,,
5/29/2016 3:00,0,,,
5/30/2016 3:00,9.5,,,
5/31/2016 3:00,26.4,,,
6/1/2016 3:00,34.3,,,
6/2/2016 3:00,0,,,
6/3/2016 3:00,3.1,,,
6/4/2016 3:00,3.5,,,
6/5/2016 3:00,0,,,
6/6/2016 3:00,75,,,
6/7/2016 3:00,0,,,
6/8/2016 3:00,0,,,
6/9/2016 3:00,0,,,
6/10/2016 3:00,0,,,
6/11/2016 3:00,9.7,,,
6/12/2016 3:00,7,,,
6/13/2016 3:00,18.1,,,
6/14/2016 3:00,0.4,,,
6/15/2016 3:00,0,,,
6/16/2016 3:00,0,,,
6/17/2016 3:00,0.5,,,
6/18/2016 3:00,13.5,,,
6/19/2016 3:00,0,,,
6/20/2016 3:00,29.3,,,
6/21/2016 3:00,109.6,,,
6/22/2016 3:00,96.6,,,
6/23/2016 3:00,6.4,,,
6/24/2016 3:00,53.6,,,
6/25/2016 3:00,17.1,,,
6/26/2016 3:00,0,,,
6/27/2016 3:00,0.5,,,
6/28/2016 3:00,0,,,
6/29/2016 3:00,6.4,,,
6/30/2016 3:00,18.6,,,
7/1/2016 3:00,24.2,,,
7/2/2016 3:00,12.1,,,
7/3/2016 3:00,0,,,
7/4/2016 3:00,10.3,,,
7/5/2016 3:00,7.5,,,
7/6/2016 3:00,2.9,,,
7/7/2016 3:00,4.2,,,
7/8/2016 3:00,0.7,,,
7/9/2016 3:00,2.3,,,
7/10/2016 3:00,11,,,
7/11/2016 3:00,0.3,,,
7/12/2016 3:00,0,,,
7/13/2016 3:00,0.3,,,
7/14/2016 3:00,1.9,,,
7/15/2016 3:00,0.3,,,
7/16/2016 3:00,1.1,,,
7/17/2016 3:00,15.3,,,
7/18/2016 3:00,12.9,,,
7/19/2016 3:00,4.8,,,
7/20/2016 3:00,53.1,,,
7/21/2016 3:00,15.6,,,
7/22/2016 3:00,0.6,,,
7/23/2016 3:00,56,,,
7/24/2016 3:00,55.2,,,
7/25/2016 3:00,135.3,,,
7/26/2016 3:00,54.9,,,
7/27/2016 3:00,3.1,,,
7/28/2016 3:00,0.5,,,
7/29/2016 3:00,0.3,,,
7/30/2016 3:00,0,,,
7/31/2016 3:00,1,,,
8/1/2016 3:00,0,,,
8/2/2016 3:00,47.4,,,
8/3/2016 3:00,4.4,,,
8/4/2016 3:00,0,,,
8/5/2016 3:00,5.6,,,
8/6/2016 3:00,0.3,,,
8/7/2016 3:00,0,,,
8/8/2016 3:00,1.3,,,
8/9/2016 3:00,0.3,,,
8/10/2016 3:00,3.7,,,
8/11/2016 3:00,5,,,
8/12/2016 3:00,1.3,,,
8/13/2016 3:00,0,,,
8/14/2016 3:00,31.6,,,
8/15/2016 3:00,0,,,
8/16/2016 3:00,1,,,
8/17/2016 3:00,17.1,,,
8/18/2016 3:00,0,,,
8/19/2016 3:00,16.9,,,
8/20/2016 3:00,0.6,,,
8/21/2016 3:00,0,,,
8/22/2016 3:00,46.6,,,
8/23/2016 3:00,0,,,
8/24/2016 3:00,0,,,
8/25/2016 3:00,0,,,
8/26/2016 3:00,20.6,,,
8/27/2016 3:00,0.8,,,
8/28/2016 3:00,0,,,
8/29/2016 3:00,202.8,,,
8/30/2016 3:00,37.8,,,
8/31/2016 3:00,82.5,,,
9/1/2016 3:00,46.1,,,
9/2/2016 3:00,26.8,,,
9/3/2016 3:00,9.8,,,
9/4/2016 3:00,0.2,,,
9/5/2016 3:00,54.8,,,
9/6/2016 3:00,1.8,,,
9/7/2016 3:00,6.2,,,
9/8/2016 3:00,7.4,,,
9/9/2016 3:00,4.6,,,
9/10/2016 3:00,5.8,,,
9/11/2016 3:00,0.4,,,
9/12/2016 3:00,25.9,,,
9/13/2016 3:00,0.6,,,
9/14/2016 3:00,0.3,,,
9/15/2016 3:00,24.3,,,
9/16/2016 3:00,0,,,
9/17/2016 3:00,3,,,
9/18/2016 3:00,2.1,,,
9/19/2016 3:00,0.3,,,
9/20/2016 3:00,19.6,,,
9/21/2016 3:00,75.2,,,
9/22/2016 3:00,13.3,,,
9/23/2016 3:00,1.5,,,
9/24/2016 3:00,9.1,,,
9/25/2016 3:00,40.3,,,
9/26/2016 3:00,32.3,,,
9/27/2016 3:00,0.8,,,
9/28/2016 3:00,1.6,,,
9/29/2016 3:00,0,,,
9/30/2016 3:00,50.5,,,
10/1/2016 3:00,10.1,,,
10/2/2016 3:00,0.8,,,
10/3/2016 3:00,2.2,,,
10/4/2016 3:00,4.1,,,
10/5/2016 3:00,0,,,
10/6/2016 3:00,13.3,,,
10/7/2016 3:00,5.8,,,
10/8/2016 3:00,14.6,,,
10/9/2016 3:00,0.2,,,
10/10/2016 3:00,0.2,,,
10/11/2016 3:00,5,,,
10/12/2016 3:00,1.5,,,
10/13/2016 3:00,9.7,,,
10/14/2016 3:00,2.7,,,
10/15/2016 3:00,0,,,
10/16/2016 3:00,0,,,
10/17/2016 3:00,0,,,
10/18/2016 3:00,0,,,
10/19/2016 3:00,0,,,
10/20/2016 3:00,0,,,
10/21/2016 3:00,0,,,
10/22/2016 3:00,0,,,
10/23/2016 3:00,0,,,
10/24/2016 3:00,0,,,
10/25/2016 3:00,0,,,
10/26/2016 3:00,0,,,
10/27/2016 3:00,0,,,
10/28/2016 3:00,2.3,,,
10/29/2016 3:00,7,,,
10/30/2016 3:00,0,,,
10/31/2016 3:00,0,,,
11/1/2016 3:00,0,,,
11/2/2016 3:00,0,,,
11/3/2016 3:00,0,,,
11/4/2016 3:00,0,,,
11/5/2016 3:00,0,,,
11/6/2016 3:00,0,,,
11/7/2016 3:00,0,,,
11/8/2016 3:00,0,,,
11/9/2016 3:00,0,,,
11/10/2016 3:00,0,,,
11/11/2016 3:00,0,,,
11/12/2016 3:00,0,,,
11/13/2016 3:00,0,,,
11/14/2016 3:00,0,,,
11/15/2016 3:00,0,,,
11/16/2016 3:00,0,,,
11/17/2016 3:00,0,,,
11/18/2016 3:00,0,,,
11/19/2016 3:00,0,,,
11/20/2016 3:00,0,,,
11/21/2016 3:00,0,,,
11/22/2016 3:00,0,,,
11/23/2016 3:00,0,,,
11/24/2016 3:00,0,,,
11/25/2016 3:00,0,,,
11/26/2016 3:00,0,,,
11/27/2016 3:00,0,,,
11/28/2016 3:00,0,,,
11/29/2016 3:00,0,,,
11/30/2016 3:00,0,,,
12/1/2016 3:00,0,,,
12/2/2016 3:00,0,,,
12/3/2016 3:00,0,,,
12/4/2016 3:00,0,,,
12/5/2016 3:00,0,,,
12/6/2016 3:00,0,,,
12/7/2016 3:00,0,,,
12/8/2016 3:00,0,,,
12/9/2016 3:00,0,,,
12/10/2016 3:00,0,,,
12/11/2016 3:00,0,,,
12/12/2016 3:00,0,,,
12/13/2016 3:00,0,,,
12/14/2016 3:00,0,,,
12/15/2016 3:00,0,,,
12/16/2016 3:00,0,,,
12/17/2016 3:00,0,,,
12/18/2016 3:00,0,,,
12/19/2016 3:00,0,,,
12/20/2016 3:00,0,,,
12/21/2016 3:00,0,,,
12/22/2016 3:00,0,,,
12/23/2016 3:00,0,,,
12/24/2016 3:00,0,,,
12/25/2016 3:00,0,,,
12/26/2016 3:00,0,,,
12/27/2016 3:00,0,,,
12/28/2016 3:00,0,,,
12/29/2016 3:00,0,,,
12/30/2016 3:00,0,,,
12/31/2016 3:00,0,,,
1/1/2017 3:00,0,,,
1/2/2017 3:00,0,,,
1/3/2017 3:00,0,,,
1/4/2017 3:00,0,,,
1/5/2017 3:00,0,,,
1/6/2017 3:00,0,,,
1/7/2017 3:00,0,,,
1/8/2017 3:00,0,,,
1/9/2017 3:00,0,,,
1/10/2017 3:00,0,,,
1/11/2017 3:00,0,,,
1/12/2017 3:00,0,,,
1/13/2017 3:00,0,,,
1/14/2017 3:00,0,,,
1/15/2017 3:00,0,,,
1/16/2017 3:00,0,,,
1/17/2017 3:00,0,,,
1/18/2017 3:00,0,,,
1/19/2017 3:00,0,,,
1/20/2017 3:00,0,,,
1/21/2017 3:00,0,,,
1/22/2017 3:00,0,,,
1/23/2017 3:00,0,,,
1/24/2017 3:00,0,,,
1/25/2017 3:00,0,,,
1/26/2017 3:00,0,,,
1/27/2017 3:00,0,,,
1/28/2017 3:00,0,,,
1/29/2017 3:00,0,,,
1/30/2017 3:00,0,,,
1/31/2017 3:00,0,,,
2/1/2017 3:00,0,,,
2/2/2017 3:00,0,,,
2/3/2017 3:00,0,,,
2/4/2017 3:00,0,,,
2/5/2017 3:00,0,,,
2/6/2017 3:00,0,,,
2/7/2017 3:00,0,,,
2/8/2017 3:00,0,,,
2/9/2017 3:00,0,,,
2/10/2017 3:00,0,,,
2/11/2017 3:00,0,,,
2/12/2017 3:00,0,,,
2/13/2017 3:00,0,,,
2/14/2017 3:00,0,,,
2/15/2017 3:00,0,,,
2/16/2017 3:00,0,,,
2/17/2017 3:00,0,,,
2/18/2017 3:00,0,,,
2/19/2017 3:00,0,,,
2/20/2017 3:00,0,,,
2/21/2017 3:00,0,,,
2/22/2017 3:00,0,,,
2/23/2017 3:00,0.5,,,
2/24/2017 3:00,0,,,
2/25/2017 3:00,0,,,
2/26/2017 3:00,0,,,
2/27/2017 3:00,0,,,
2/28/2017 3:00,0,,,
3/1/2017 3:00,0,,,
3/2/2017 3:00,0,,,
3/3/2017 3:00,0,,,
3/4/2017 3:00,0,,,
3/5/2017 3:00,0,,,
3/6/2017 3:00,0,,,
3/7/2017 3:00,0,,,
3/8/2017 3:00,0,,,
3/9/2017 3:00,0,,,
3/10/2017 3:00,0,,,
3/11/2017 3:00,14.9,,,
3/12/2017 3:00,12.1,,,
3/13/2017 3:00,0,,,
3/14/2017 3:00,0,,,
3/15/2017 3:00,0,,,
3/16/2017 3:00,0,,,
3/17/2017 3:00,0,,,
3/18/2017 3:00,0,,,
3/19/2017 3:00,5.7,,,
3/20/2017 3:00,0,,,
3/21/2017 3:00,2,,,
3/22/2017 3:00,0,,,
3/23/2017 3:00,0,,,
3/24/2017 3:00,0,,,
3/25/2017 3:00,18,,,
3/26/2017 3:00,0,,,
3/27/2017 3:00,0,,,
3/28/2017 3:00,0,,,
3/29/2017 3:00,0,,,
3/30/2017 3:00,0,,,
3/31/2017 3:00,0,,,
4/1/2017 3:00,0,,,
4/2/2017 3:00,7.3,,,
4/3/2017 3:00,0,,,
4/4/2017 3:00,65,,,
4/5/2017 3:00,0,,,
4/6/2017 3:00,0,,,
4/7/2017 3:00,0,,,
4/8/2017 3:00,0,,,
4/9/2017 3:00,0,,,
4/10/2017 3:00,0,,,
4/11/2017 3:00,0,,,
4/12/2017 3:00,0,,,
4/13/2017 3:00,0,,,
4/14/2017 3:00,0,,,
4/15/2017 3:00,0,,,
4/16/2017 3:00,14.5,,,
4/17/2017 3:00,0,,,
4/18/2017 3:00,0,,,
4/19/2017 3:00,0,,,
4/20/2017 3:00,6.8,,,
4/21/2017 3:00,3.4,,,
4/22/2017 3:00,1.3,,,
4/23/2017 3:00,8.7,,,
4/24/2017 3:00,0,,,
4/25/2017 3:00,0,,,
4/26/2017 3:00,0,,,
4/27/2017 3:00,0,,,
4/28/2017 3:00,0,,,
4/29/2017 3:00,6.3,,,
4/30/2017 3:00,0,,,
5/1/2017 3:00,8.9,,,
5/2/2017 3:00,19.4,,,
5/3/2017 3:00,0,,,
5/4/2017 3:00,0.4,,,
5/5/2017 3:00,0,,,
5/6/2017 3:00,8.3,,,
5/7/2017 3:00,0.2,,,
5/8/2017 3:00,0,,,
5/9/2017 3:00,12.9,,,
5/10/2017 3:00,22.4,,,
5/11/2017 3:00,0,,,
5/12/2017 3:00,0,,,
5/13/2017 3:00,0,,,
5/14/2017 3:00,11.4,,,
5/15/2017 3:00,0.3,,,
5/16/2017 3:00,18.9,,,
5/17/2017 3:00,0,,,
5/18/2017 3:00,0,,,
5/19/2017 3:00,0,,,
5/20/2017 3:00,0,,,
5/21/2017 3:00,2.1,,,
5/22/2017 3:00,1.3,,,
5/23/2017 3:00,2.2,,,
5/24/2017 3:00,1.2,,,
5/25/2017 3:00,23.2,,,
5/26/2017 3:00,26.5,,,
5/27/2017 3:00,7.5,,,
5/28/2017 3:00,0,,,
5/29/2017 3:00,0,,,
5/30/2017 3:00,1.5,,,
5/31/2017 3:00,0.6,,,
6/1/2017 3:00,0,,,
6/2/2017 3:00,67.8,,,
6/3/2017 3:00,21.3,,,
6/4/2017 3:00,0,,,
6/5/2017 3:00,1.5,,,
6/6/2017 3:00,6.5,,,
6/7/2017 3:00,0,,,
6/8/2017 3:00,6,,,
6/9/2017 3:00,17.8,,,
6/10/2017 3:00,0,,,
6/11/2017 3:00,0,,,
6/12/2017 3:00,7.2,,,
6/13/2017 3:00,31.3,,,
6/14/2017 3:00,0,,,
6/15/2017 3:00,0,,,
6/16/2017 3:00,22.3,,,
6/18/2017 3:00,25.8,,,
6/19/2017 3:00,14.9,,,
6/20/2017 3:00,0,,,
6/21/2017 3:00,0.8,,,
6/22/2017 3:00,17.4,,,
6/23/2017 3:00,6.1,,,
6/24/2017 3:00,0.2,,,
6/25/2017 3:00,12.9,,,
6/26/2017 3:00,2.2,,,
6/27/2017 3:00,0,,,
6/28/2017 3:00,25.2,,,
6/29/2017 3:00,6.6,,,
6/30/2017 3:00,31.3,,,
7/1/2017 3:00,37.8,,,
7/2/2017 3:00,0,,,
7/3/2017 3:00,1.6,,,
7/4/2017 3:00,49.7,,,
7/5/2017 3:00,40.2,,,
7/6/2017 3:00,13.4,,,
7/7/2017 3:00,7.7,,,
7/8/2017 3:00,11.9,,,
7/9/2017 3:00,0,,,
7/10/2017 3:00,5,,,
7/11/2017 3:00,0.1,,,
7/12/2017 3:00,0,,,
7/13/2017 3:00,0,,,
7/14/2017 3:00,73.1,,,
7/15/2017 3:00,69.5,,,
7/16/2017 3:00,11.1,,,
7/17/2017 3:00,0,,,
7/18/2017 3:00,0,,,
7/19/2017 3:00,17.2,,,
7/20/2017 3:00,1.4,,,
7/21/2017 3:00,0.6,,,
7/22/2017 3:00,0,,,
7/23/2017 3:00,0,,,
7/24/2017 3:00,1.5,,,
7/25/2017 3:00,2.8,,,
7/26/2017 3:00,0.9,,,
7/27/2017 3:00,0.9,,,
7/28/2017 3:00,1.8,,,
7/29/2017 3:00,6.1,,,
7/30/2017 3:00,0.4,,,
7/31/2017 3:00,3.1,,,
8/1/2017 3:00,0,,,
8/2/2017 3:00,9.2,,,
8/3/2017 3:00,112.2,,,
8/4/2017 3:00,0.6,,,
8/5/2017 3:00,26.9,,,
8/6/2017 3:00,21.9,,,
8/7/2017 3:00,6.4,,,
8/8/2017 3:00,61.5,,,
8/9/2017 3:00,0.8,,,
8/10/2017 3:00,28,,,
8/11/2017 3:00,30.3,,,
8/12/2017 3:00,292.9,,,
8/13/2017 3:00,122.6,,,
8/14/2017 3:00,10.1,,,
8/15/2017 3:00,0,,,
8/16/2017 3:00,13.4,,,
8/17/2017 3:00,42.9,,,
8/18/2017 3:00,0.9,,,
8/19/2017 3:00,0,,,
8/20/2017 3:00,0,,,
8/21/2017 3:00,0,,,
8/22/2017 3:00,1.9,,,
8/23/2017 3:00,0,,,
8/24/2017 3:00,0,,,
8/25/2017 3:00,3,,,
8/26/2017 3:00,55.3,,,
8/27/2017 3:00,20.3,,,
8/28/2017 3:00,1.4,,,
8/29/2017 3:00,14.4,,,
8/30/2017 3:00,0,,,
8/31/2017 3:00,2.9,,,
9/1/2017 3:00,0.5,,,
9/2/2017 3:00,23.5,,,
9/3/2017 3:00,14.9,,,
9/4/2017 3:00,4.4,,,
9/5/2017 3:00,3.1,,,
9/6/2017 3:00,0.9,,,
9/7/2017 3:00,3.2,,,
9/8/2017 3:00,0,,,
9/9/2017 3:00,25,,,
9/10/2017 3:00,3.8,,,
9/11/2017 3:00,0.8,,,
9/12/2017 3:00,52.1,,,
9/13/2017 3:00,25.8,,,
9/14/2017 3:00,0,,,
9/15/2017 3:00,0,,,
9/16/2017 3:00,12.9,,,
9/17/2017 3:00,0,,,
9/18/2017 3:00,9.9,,,
9/19/2017 3:00,0,,,
9/20/2017 3:00,2.4,,,
9/21/2017 3:00,30.9,,,
9/22/2017 3:00,0,,,
9/23/2017 3:00,0,,,
9/24/2017 3:00,12.9,,,
9/25/2017 3:00,9.1,,,
9/26/2017 3:00,0.4,,,
9/27/2017 3:00,0,,,
9/28/2017 3:00,0,,,
9/29/2017 3:00,0,,,
9/30/2017 3:00,0,,,
10/1/2017 3:00,0,,,
10/2/2017 3:00,0,,,
10/3/2017 3:00,0,,,
10/4/2017 3:00,3.3,,,
10/5/2017 3:00,0,,,
10/6/2017 3:00,0,,,
10/7/2017 3:00,0,,,
10/8/2017 3:00,0.3,,,
10/9/2017 3:00,8.5,,,
10/10/2017 3:00,6.4,,,
10/11/2017 3:00,1.3,,,
10/12/2017 3:00,0,,,
10/13/2017 3:00,0,,,
10/14/2017 3:00,24.7,,,
10/15/2017 3:00,0,,,
10/16/2017 3:00,0,,,
10/17/2017 3:00,0,,,
10/18/2017 3:00,0,,,
10/19/2017 3:00,0,,,
10/20/2017 3:00,0,,,
10/21/2017 3:00,1.5,,,
10/22/2017 3:00,6.2,,,
10/23/2017 3:00,1.1,,,
10/24/2017 3:00,0,,,
10/25/2017 3:00,0,,,
10/26/2017 3:00,0.4,,,
10/27/2017 3:00,0,,,
10/28/2017 3:00,0,,,
10/29/2017 3:00,0,,,
10/30/2017 3:00,0,,,
10/31/2017 3:00,26.7,,,
11/1/2017 3:00,0,,,
11/2/2017 3:00,0,,,
11/3/2017 3:00,0,,,
11/4/2017 3:00,0,,,
11/5/2017 3:00,0,,,
11/6/2017 3:00,0,,,
11/7/2017 3:00,0,,,
11/8/2017 3:00,0,,,
11/9/2017 3:00,0,,,
11/10/2017 3:00,0,,,
11/11/2017 3:00,0,,,
11/12/2017 3:00,0,,,
11/13/2017 3:00,0,,,
11/14/2017 3:00,0,,,
11/15/2017 3:00,0,,,
11/16/2017 3:00,0,,,
11/17/2017 3:00,0,,,
11/18/2017 3:00,0,,,
11/19/2017 3:00,0,,,
11/20/2017 3:00,0,,,
11/21/2017 3:00,0,,,
11/22/2017 3:00,0,,,
11/23/2017 3:00,0,,,
11/24/2017 3:00,0,,,
11/25/2017 3:00,0,,,
11/26/2017 3:00,0,,,
11/27/2017 3:00,0,,,
11/28/2017 3:00,0,,,
11/29/2017 3:00,0,,,
11/30/2017 3:00,0,,,
12/1/2017 3:00,0,,,
12/2/2017 3:00,0,,,
12/3/2017 3:00,0,,,
12/4/2017 3:00,0,,,
12/5/2017 3:00,0,,,
12/6/2017 3:00,0,,,
12/7/2017 3:00,0,,,
12/8/2017 3:00,0,,,
12/9/2017 3:00,0,,,
12/10/2017 3:00,0,,,
12/11/2017 3:00,0,,,
12/12/2017 3:00,0,,,
12/13/2017 3:00,0,,,
12/14/2017 3:00,0,,,
12/15/2017 3:00,0,,,
12/16/2017 3:00,0,,,
12/17/2017 3:00,0,,,
12/18/2017 3:00,0,,,
12/19/2017 3:00,0,,,
12/20/2017 3:00,0,,,
12/21/2017 3:00,0,,,
12/22/2017 3:00,0,,,
12/23/2017 3:00,0,,,
12/24/2017 3:00,0,,,
12/25/2017 3:00,0,,,
12/26/2017 3:00,0,,,
12/27/2017 3:00,0,,,
12/28/2017 3:00,0,,,
12/29/2017 3:00,0,,,
12/30/2017 3:00,0,,,
12/31/2017 3:00,0,,,
1/1/2018 3:00,0,,,
1/2/2018 3:00,0,,,
1/3/2018 3:00,0,,,
1/4/2018 3:00,0,,,
1/5/2018 3:00,0,,,
1/6/2018 3:00,0,,,
1/7/2018 3:00,0,,,
1/8/2018 3:00,0,,,
1/9/2018 3:00,0,,,
1/10/2018 3:00,0,,,
1/11/2018 3:00,0,,,
1/12/2018 3:00,0,,,
1/13/2018 3:00,0,,,
1/14/2018 3:00,0,,,
1/15/2018 3:00,0,,,
1/16/2018 3:00,0,,,
1/17/2018 3:00,0,,,
1/18/2018 3:00,0,,,
1/19/2018 3:00,0,,,
1/20/2018 3:00,0,,,
1/21/2018 3:00,0,,,
1/22/2018 3:00,0,,,
1/23/2018 3:00,0,,,
1/24/2018 3:00,0,,,
1/25/2018 3:00,0,,,
1/26/2018 3:00,0,,,
1/27/2018 3:00,0,,,
1/28/2018 3:00,0,,,
1/29/2018 3:00,0,,,
1/30/2018 3:00,0,,,
1/31/2018 3:00,0,,,
2/1/2018 3:00,0,,,
2/2/2018 3:00,0,,,
2/3/2018 3:00,0,,,
2/4/2018 3:00,0,,,
2/5/2018 3:00,0,,,
2/6/2018 3:00,0,,,
2/7/2018 3:00,0,,,
2/8/2018 3:00,0,,,
2/9/2018 3:00,0,,,
2/10/2018 3:00,0,,,
2/11/2018 3:00,0,,,
2/12/2018 3:00,0,,,
2/13/2018 3:00,0,,,
2/14/2018 3:00,0,,,
2/15/2018 3:00,0,,,
2/16/2018 3:00,0,,,
2/17/2018 3:00,0,,,
2/18/2018 3:00,0,,,
2/19/2018 3:00,0,,,
2/20/2018 3:00,0,,,
2/21/2018 3:00,0,,,
2/22/2018 3:00,0,,,
2/23/2018 3:00,0,,,
2/24/2018 3:00,0,,,
2/25/2018 3:00,0,,,
2/26/2018 3:00,4.2,,,
2/27/2018 3:00,1.9,,,
2/28/2018 3:00,0,,,
3/1/2018 3:00,5,,,
3/2/2018 3:00,0,,,
3/3/2018 3:00,0,,,
3/4/2018 3:00,0,,,
3/5/2018 3:00,0,,,
3/6/2018 3:00,0,,,
3/7/2018 3:00,0,,,
3/8/2018 3:00,0,,,
3/9/2018 3:00,0,,,
3/10/2018 3:00,0,,,
3/11/2018 3:00,0,,,
3/12/2018 3:00,6.9,,,
3/13/2018 3:00,1.7,,,
3/14/2018 3:00,0,,,
3/15/2018 3:00,0,,,
3/16/2018 3:00,0,,,
3/17/2018 3:00,0,,,
3/18/2018 3:00,0,,,
3/19/2018 3:00,0,,,
3/20/2018 3:00,0,,,
3/21/2018 3:00,0,,,
3/22/2018 3:00,0,,,
3/23/2018 3:00,0,,,
3/24/2018 3:00,0,,,
3/25/2018 3:00,0,,,
3/26/2018 3:00,0,,,
3/27/2018 3:00,0,,,
3/28/2018 3:00,0,,,
3/29/2018 3:00,0.2,,,
3/30/2018 3:00,13.6,,,
3/31/2018 3:00,0,,,
4/1/2018 3:00,0,,,
4/2/2018 3:00,0,,,
4/3/2018 3:00,0,,,
4/4/2018 3:00,0,,,
4/5/2018 3:00,1.2,,,
4/6/2018 3:00,7.3,,,
4/7/2018 3:00,0,,,
4/8/2018 3:00,0,,,
4/9/2018 3:00,26.9,,,
4/10/2018 3:00,0,,,
4/11/2018 3:00,5.7,,,
4/12/2018 3:00,7.2,,,
4/13/2018 3:00,0,,,
4/14/2018 3:00,0.4,,,
4/15/2018 3:00,0,,,
4/16/2018 3:00,0,,,
4/17/2018 3:00,1.2,,,
4/18/2018 3:00,7.8,,,
4/19/2018 3:00,0,,,
4/20/2018 3:00,0,,,
4/21/2018 3:00,0,,,
4/22/2018 3:00,0,,,
4/23/2018 3:00,0,,,
4/24/2018 3:00,0,,,
4/25/2018 3:00,0,,,
4/26/2018 3:00,2,,,
4/27/2018 3:00,0,,,
4/28/2018 3:00,0,,,
4/29/2018 3:00,0.4,,,
4/30/2018 3:00,6,,,
5/1/2018 3:00,1.9,,,
5/2/2018 3:00,0,,,
5/3/2018 3:00,0,,,
5/4/2018 3:00,26,,,
5/5/2018 3:00,0,,,
5/6/2018 3:00,0,,,
5/7/2018 3:00,4.6,,,
5/8/2018 3:00,0,,,
5/9/2018 3:00,20.9,,,
5/10/2018 3:00,0,,,
5/11/2018 3:00,0,,,
5/12/2018 3:00,0,,,
5/13/2018 3:00,0,,,
5/14/2018 3:00,14.9,,,
5/15/2018 3:00,1.1,,,
5/16/2018 3:00,0,,,
5/17/2018 3:00,0,,,
5/18/2018 3:00,0,,,
5/19/2018 3:00,38.7,,,
5/20/2018 3:00,0,,,
5/21/2018 3:00,0,,,
5/22/2018 3:00,1.8,,,
5/23/2018 3:00,0,,,
5/24/2018 3:00,0,,,
5/25/2018 3:00,3.3,,,
5/26/2018 3:00,0,,,
5/27/2018 3:00,0,,,
5/28/2018 3:00,0,,,
5/29/2018 3:00,0,,,
5/30/2018 3:00,0.4,,,
5/31/2018 3:00,0,,,
6/1/2018 3:00,0,,,
6/2/2018 3:00,25.8,,,
6/3/2018 3:00,0.6,,,
6/4/2018 3:00,7.1,,,
6/5/2018 3:00,0.4,,,
6/6/2018 3:00,0,,,
6/7/2018 3:00,0.3,,,
6/8/2018 3:00,4.1,,,
6/9/2018 3:00,29.4,,,
6/10/2018 3:00,0,,,
6/11/2018 3:00,0,,,
6/12/2018 3:00,85.1,,,
6/13/2018 3:00,2.3,,,
6/14/2018 3:00,28.3,,,
6/15/2018 3:00,0.4,,,
6/16/2018 3:00,1.4,,,
6/17/2018 3:00,39.9,,,
6/18/2018 3:00,16.9,,,
6/19/2018 3:00,0.2,,,
6/20/2018 3:00,5,,,
6/21/2018 3:00,0,,,
6/22/2018 3:00,9.4,,,
6/23/2018 3:00,68.5,,,
6/24/2018 3:00,3.4,,,
6/25/2018 3:00,14.1,,,
6/26/2018 3:00,0.4,,,
6/27/2018 3:00,0.4,,,
6/28/2018 3:00,3,,,
6/29/2018 3:00,8.3,,,
6/30/2018 3:00,27.1,,,
7/1/2018 3:00,73.6,,,
7/2/2018 3:00,27.4,,,
7/3/2018 3:00,25.6,,,
7/4/2018 3:00,11.1,,,
7/5/2018 3:00,116.9,,,
7/6/2018 3:00,0.3,,,
7/7/2018 3:00,0,,,
7/8/2018 3:00,0,,,
7/9/2018 3:00,4.6,,,
7/10/2018 3:00,15.9,,,
7/11/2018 3:00,0,,,
7/12/2018 3:00,10,,,
7/13/2018 3:00,13.2,,,
7/14/2018 3:00,1.1,,,
7/15/2018 3:00,0,,,
7/16/2018 3:00,0,,,
7/17/2018 3:00,0,,,
7/18/2018 3:00,0,,,
7/19/2018 3:00,0,,,
7/20/2018 3:00,0,,,
7/21/2018 3:00,1.2,,,
7/22/2018 3:00,0,,,
7/23/2018 3:00,4.4,,,
7/24/2018 3:00,0,,,
7/25/2018 3:00,14.2,,,
7/26/2018 3:00,0,,,
7/27/2018 3:00,0,,,
7/28/2018 3:00,17,,,
7/29/2018 3:00,18.4,,,
7/30/2018 3:00,0.2,,,
7/31/2018 3:00,26.9,,,
8/1/2018 3:00,3.4,,,
8/2/2018 3:00,0,,,
8/3/2018 3:00,0,,,
8/4/2018 3:00,1.1,,,
8/5/2018 3:00,12.2,,,
8/6/2018 3:00,30.5,,,
8/7/2018 3:00,3.4,,,
8/8/2018 3:00,0,,,
8/9/2018 3:00,0,,,
8/10/2018 3:00,0.4,,,
8/11/2018 3:00,4.1,,,
8/12/2018 3:00,21.4,,,
8/13/2018 3:00,28,,,
8/14/2018 3:00,4.9,,,
8/15/2018 3:00,2.4,,,
8/16/2018 3:00,0,,,
8/17/2018 3:00,0,,,
8/18/2018 3:00,0,,,
8/19/2018 3:00,0,,,
8/20/2018 3:00,8.1,,,
8/21/2018 3:00,5.1,,,
8/22/2018 3:00,9.3,,,
8/23/2018 3:00,0,,,
8/24/2018 3:00,2.9,,,
8/25/2018 3:00,6.3,,,
8/26/2018 3:00,2.4,,,
8/27/2018 3:00,1.1,,,
8/28/2018 3:00,0,,,
8/29/2018 3:00,0,,,
8/30/2018 3:00,12.5,,,
8/31/2018 3:00,0,,,
9/1/2018 3:00,0,,,
9/2/2018 3:00,12,,,
9/3/2018 3:00,0,,,
9/4/2018 3:00,7.2,,,
9/5/2018 3:00,1.2,,,
9/6/2018 3:00,12.4,,,
9/7/2018 3:00,2.7,,,
9/8/2018 3:00,0,,,
9/9/2018 3:00,72.8,,,
9/10/2018 3:00,18.8,,,
9/11/2018 3:00,52.5,,,
9/12/2018 3:00,7.1,,,
9/13/2018 3:00,1.7,,,
9/14/2018 3:00,9.3,,,
9/15/2018 3:00,21.5,,,
9/16/2018 3:00,6.9,,,
9/17/2018 3:00,0,,,
9/18/2018 3:00,0,,,
9/19/2018 3:00,0,,,
9/20/2018 3:00,0,,,
9/21/2018 3:00,6.9,,,
9/22/2018 3:00,1.5,,,
9/23/2018 3:00,0,,,
9/24/2018 3:00,0,,,
9/25/2018 3:00,5.8,,,
9/26/2018 3:00,0,,,
9/27/2018 3:00,0,,,
9/28/2018 3:00,0,,,
9/29/2018 3:00,0,,,
9/30/2018 3:00,0,,,
10/1/2018 3:00,16.3,,,
10/2/2018 3:00,0.3,,,
10/3/2018 3:00,0,,,
10/4/2018 3:00,0,,,
10/5/2018 3:00,0,,,
10/6/2018 3:00,0,,,
10/7/2018 3:00,18.5,,,
10/8/2018 3:00,0.3,,,
10/9/2018 3:00,0,,,
10/10/2018 3:00,0,,,
10/11/2018 3:00,0,,,
10/12/2018 3:00,1,,,
10/13/2018 3:00,0.2,,,
10/14/2018 3:00,0,,,
10/15/2018 3:00,0,,,
10/16/2018 3:00,0,,,
10/17/2018 3:00,0,,,
10/18/2018 3:00,0,,,
10/19/2018 3:00,0,,,
10/20/2018 3:00,4.5,,,
10/21/2018 3:00,0,,,
10/22/2018 3:00,0,,,
10/23/2018 3:00,0,,,
10/24/2018 3:00,0,,,
10/25/2018 3:00,0,,,
10/26/2018 3:00,0,,,
10/27/2018 3:00,0,,,
10/28/2018 3:00,0,,,
10/29/2018 3:00,8.8,,,
10/30/2018 3:00,0,,,
10/31/2018 3:00,0,,,
11/1/2018 3:00,0,,,
11/2/2018 3:00,0,,,
11/3/2018 3:00,0,,,
11/4/2018 3:00,0,,,
11/5/2018 3:00,0,,,
11/6/2018 3:00,0,,,
11/7/2018 3:00,0,,,
11/8/2018 3:00,0,,,
11/9/2018 3:00,0,,,
11/10/2018 3:00,0,,,
11/11/2018 3:00,0,,,
11/12/2018 3:00,0,,,
11/13/2018 3:00,0,,,
11/14/2018 3:00,0,,,
11/15/2018 3:00,0,,,
11/16/2018 3:00,0,,,
11/17/2018 3:00,0,,,
11/18/2018 3:00,0,,,
11/19/2018 3:00,0,,,
11/20/2018 3:00,0,,,
11/21/2018 3:00,0,,,
11/22/2018 3:00,0,,,
11/23/2018 3:00,0,,,
11/24/2018 3:00,0,,,
11/25/2018 3:00,0,,,
11/26/2018 3:00,0,,,
11/27/2018 3:00,0,,,
11/28/2018 3:00,0,,,
11/29/2018 3:00,0,,,
11/30/2018 3:00,0,,,
12/1/2018 3:00,0,,,
12/2/2018 3:00,0,,,
12/3/2018 3:00,0,,,
12/4/2018 3:00,0,,,
12/5/2018 3:00,0,,,
12/6/2018 3:00,0,,,
12/7/2018 3:00,0,,,
12/8/2018 3:00,0,,,
12/9/2018 3:00,0,,,
12/10/2018 3:00,0,,,
12/11/2018 3:00,0,,,
12/12/2018 3:00,0,,,
12/13/2018 3:00,0,,,
12/14/2018 3:00,0,,,
12/15/2018 3:00,0,,,
12/16/2018 3:00,0,,,
12/17/2018 3:00,0,,,
12/18/2018 3:00,0.3,,,
12/19/2018 3:00,0.4,,,
12/20/2018 3:00,0,,,
12/21/2018 3:00,0,,,
12/22/2018 3:00,0,,,
12/23/2018 3:00,0,,,
12/24/2018 3:00,0,,,
12/25/2018 3:00,0,,,
12/26/2018 3:00,0,,,
12/27/2018 3:00,0,,,
12/28/2018 3:00,0,,,
12/29/2018 3:00,0,,,
12/30/2018 3:00,0,,,
12/31/2018 3:00,0,,,
1/1/2019 3:00,0,,,
1/2/2019 3:00,0,,,
1/3/2019 3:00,0,,,
1/4/2019 3:00,0,,,
1/5/2019 3:00,0,,,
1/6/2019 3:00,0,,,
1/7/2019 3:00,0,,,
1/8/2019 3:00,0,,,
1/9/2019 3:00,0,,,
1/10/2019 3:00,0,,,
1/11/2019 3:00,0,,,
1/12/2019 3:00,0,,,
1/13/2019 3:00,0,,,
1/14/2019 3:00,0,,,
1/15/2019 3:00,0,,,
1/16/2019 3:00,0,,,
1/17/2019 3:00,0,,,
1/18/2019 3:00,0,,,
1/19/2019 3:00,0,,,
1/20/2019 3:00,0,,,
1/21/2019 3:00,0,,,
1/22/2019 3:00,0,,,
1/23/2019 3:00,0,,,
1/24/2019 3:00,0,,,
1/25/2019 3:00,0,,,
1/26/2019 3:00,0,,,
1/27/2019 3:00,0,,,
1/28/2019 3:00,0,,,
1/29/2019 3:00,0,,,
1/30/2019 3:00,0,,,
1/31/2019 3:00,0,,,
2/1/2019 3:00,0,,,
2/2/2019 3:00,0,,,
2/3/2019 3:00,0,,,
2/4/2019 3:00,0,,,
2/5/2019 3:00,0,,,
2/6/2019 3:00,0,,,
2/7/2019 3:00,0,,,
2/8/2019 3:00,5.3,,,
2/9/2019 3:00,1.9,,,
2/10/2019 3:00,11.1,,,
2/11/2019 3:00,0,,,
2/12/2019 3:00,0,,,
2/13/2019 3:00,0,,,
2/14/2019 3:00,0,,,
2/15/2019 3:00,0,,,
2/16/2019 3:00,0,,,
2/17/2019 3:00,0,,,
2/18/2019 3:00,0,,,
2/19/2019 3:00,0,,,
2/20/2019 3:00,0,,,
2/21/2019 3:00,0,,,
2/22/2019 3:00,0,,,
2/23/2019 3:00,0,,,
2/24/2019 3:00,0,,,
2/25/2019 3:00,0,,,
2/26/2019 3:00,0,,,
2/27/2019 3:00,0,,,
2/28/2019 3:00,35.2,,,
3/1/2019 3:00,26.7,,,
3/2/2019 3:00,0,,,
3/3/2019 3:00,0,,,
3/4/2019 3:00,0,,,
3/5/2019 3:00,0,,,
3/6/2019 3:00,0,,,
3/7/2019 3:00,0,,,
3/8/2019 3:00,0,,,
3/9/2019 3:00,0,,,
3/10/2019 3:00,0,,,
3/11/2019 3:00,0,,,
3/12/2019 3:00,0,,,
3/13/2019 3:00,0,,,
3/14/2019 3:00,0,,,
3/15/2019 3:00,0,,,
3/16/2019 3:00,0,,,
3/17/2019 3:00,0,,,
3/18/2019 3:00,0,,,
3/19/2019 3:00,0,,,
3/20/2019 3:00,0,,,
3/21/2019 3:00,0,,,
3/22/2019 3:00,0,,,
3/23/2019 3:00,0,,,
3/24/2019 3:00,0,,,
3/25/2019 3:00,0,,,
3/26/2019 3:00,18.9,,,
3/27/2019 3:00,0,,,
3/28/2019 3:00,0,,,
3/29/2019 3:00,0,,,
3/30/2019 3:00,0,,,
3/31/2019 3:00,22.2,,,
4/1/2019 3:00,0.2,,,
4/2/2019 3:00,0,,,
4/3/2019 3:00,0,,,
4/4/2019 3:00,0,,,
4/5/2019 3:00,0,,,
4/6/2019 3:00,0,,,
4/7/2019 3:00,31.9,,,
4/8/2019 3:00,0,,,
4/9/2019 3:00,5.6,,,
4/10/2019 3:00,0,,,
4/11/2019 3:00,0,,,
4/12/2019 3:00,0,,,
4/13/2019 3:00,0,,,
4/14/2019 3:00,21.7,,,
4/15/2019 3:00,0.3,,,
4/16/2019 3:00,0,,,
4/17/2019 3:00,13.7,,,
4/18/2019 3:00,0,,,
4/19/2019 3:00,0,,,
4/20/2019 3:00,0,,,
4/21/2019 3:00,0,,,
4/22/2019 3:00,3.6,,,
4/23/2019 3:00,1.1,,,
4/24/2019 3:00,0,,,
4/25/2019 3:00,0,,,
4/26/2019 3:00,0.3,,,
4/27/2019 3:00,0,,,
4/28/2019 3:00,31.6,,,
4/29/2019 3:00,0,,,
4/30/2019 3:00,0,,,
5/1/2019 3:00,0,,,
5/2/2019 3:00,0,,,
5/3/2019 3:00,16.8,,,
5/4/2019 3:00,4.7,,,
5/5/2019 3:00,4.2,,,
5/6/2019 3:00,0,,,
5/7/2019 3:00,0,,,
5/8/2019 3:00,0,,,
5/9/2019 3:00,0,,,
5/10/2019 3:00,0,,,
5/11/2019 3:00,0,,,
5/12/2019 3:00,2.2,,,
5/13/2019 3:00,2.9,,,
5/14/2019 3:00,5.1,,,
5/15/2019 3:00,0,,,
5/16/2019 3:00,1.6,,,
5/17/2019 3:00,0,,,
5/18/2019 3:00,0,,,
5/19/2019 3:00,0,,,
5/20/2019 3:00,0,,,
5/21/2019 3:00,7.2,,,
5/22/2019 3:00,0,,,
5/23/2019 3:00,12.8,,,
5/24/2019 3:00,0,,,
5/25/2019 3:00,0,,,
5/26/2019 3:00,0,,,
5/27/2019 3:00,0,,,
5/28/2019 3:00,0,,,
5/29/2019 3:00,0,,,
5/30/2019 3:00,0,,,
5/31/2019 3:00,14.4,,,
6/1/2019 3:00,0,,,
6/2/2019 3:00,0,,,
6/3/2019 3:00,0,,,
6/4/2019 3:00,0,,,
6/5/2019 3:00,0,,,
6/6/2019 3:00,0,,,
6/7/2019 3:00,0,,,
6/8/2019 3:00,17.3,,,
6/9/2019 3:00,0.5,,,
6/10/2019 3:00,12.7,,,
6/11/2019 3:00,28.1,,,
6/12/2019 3:00,0,,,
6/13/2019 3:00,0,,,
6/14/2019 3:00,0,,,
6/15/2019 3:00,14.5,,,
6/16/2019 3:00,0,,,
6/17/2019 3:00,0,,,
6/18/2019 3:00,7.9,,,
6/19/2019 3:00,0,,,
6/20/2019 3:00,18.4,,,
6/21/2019 3:00,0,,,
6/22/2019 3:00,5.4,,,
6/23/2019 3:00,17.5,,,
6/24/2019 3:00,0,,,
6/25/2019 3:00,4.7,,,
6/26/2019 3:00,8.5,,,
6/27/2019 3:00,27.2,,,
6/28/2019 3:00,0,,,
6/29/2019 3:00,0,,,
6/30/2019 3:00,0,,,
7/1/2019 3:00,0,,,
7/2/2019 3:00,0.3,,,
7/3/2019 3:00,0,,,
7/4/2019 3:00,0.2,,,
7/5/2019 3:00,6.2,,,
7/6/2019 3:00,0,,,
7/7/2019 3:00,8.4,,,
7/8/2019 3:00,9.5,,,
7/9/2019 3:00,96.1,,,
7/10/2019 3:00,1.6,,,
7/11/2019 3:00,37.7,,,
7/12/2019 3:00,155.8,,,
7/13/2019 3:00,86.4,,,
7/14/2019 3:00,86.9,,,
7/15/2019 3:00,39.5,,,
7/16/2019 3:00,91,,,
7/17/2019 3:00,0,,,
7/18/2019 3:00,13.1,,,
7/19/2019 3:00,10,,,
7/20/2019 3:00,84.1,,,
7/21/2019 3:00,10,,,
7/22/2019 3:00,107.3,,,
7/23/2019 3:00,86.1,,,
7/24/2019 3:00,2.7,,,
7/25/2019 3:00,48.2,,,
7/26/2019 3:00,76.4,,,
7/27/2019 3:00,2.6,,,
7/28/2019 3:00,0.2,,,
7/29/2019 3:00,0,,,
7/30/2019 3:00,0.2,,,
7/31/2019 3:00,2,,,
8/1/2019 3:00,1.1,,,
8/2/2019 3:00,31.7,,,
8/3/2019 3:00,8.6,,,
8/4/2019 3:00,0.4,,,
8/5/2019 3:00,0.5,,,
8/6/2019 3:00,3.1,,,
8/7/2019 3:00,40.9,,,
8/8/2019 3:00,8.1,,,
8/9/2019 3:00,1.4,,,
8/10/2019 3:00,0,,,
8/11/2019 3:00,0.2,,,
8/12/2019 3:00,3.9,,,
8/13/2019 3:00,9.9,,,
8/14/2019 3:00,0,,,
8/15/2019 3:00,16.4,,,
8/16/2019 3:00,28.5,,,
8/17/2019 3:00,2.6,,,
8/18/2019 3:00,5.5,,,
8/19/2019 3:00,51.5,,,
8/20/2019 3:00,1.9,,,
8/21/2019 3:00,9,,,
8/22/2019 3:00,3.1,,,
8/23/2019 3:00,0,,,
8/24/2019 3:00,35.5,,,
8/25/2019 3:00,9.2,,,
8/26/2019 3:00,0,,,
8/27/2019 3:00,0,,,
8/28/2019 3:00,0,,,
8/29/2019 3:00,4.6,,,
8/30/2019 3:00,0,,,
8/31/2019 3:00,15.4,,,
9/1/2019 3:00,0,,,
9/2/2019 3:00,0,,,
9/3/2019 3:00,18.4,,,
9/4/2019 3:00,3,,,
9/5/2019 3:00,0,,,
9/6/2019 3:00,2.2,,,
9/7/2019 3:00,0,,,
9/8/2019 3:00,1.9,,,
9/9/2019 3:00,20,,,
9/10/2019 3:00,0,,,
9/11/2019 3:00,2.8,,,
9/12/2019 3:00,0.5,,,
9/13/2019 3:00,20,,,
9/14/2019 3:00,4.4,,,
9/15/2019 3:00,0,,,
9/16/2019 3:00,64.9,,,
9/17/2019 3:00,83.4,,,
9/18/2019 3:00,50,,,
9/19/2019 3:00,6.3,,,
9/20/2019 3:00,0,,,
9/21/2019 3:00,0,,,
9/22/2019 3:00,0.1,,,
9/23/2019 3:00,0,,,
9/24/2019 3:00,0.4,,,
9/25/2019 3:00,4.6,,,
9/26/2019 3:00,10.1,,,
9/27/2019 3:00,93.1,,,
9/28/2019 3:00,66.2,,,
9/29/2019 3:00,66.8,,,
9/30/2019 3:00,21.7,,,
10/1/2019 3:00,0.4,,,
10/2/2019 3:00,0.7,,,
10/3/2019 3:00,1.3,,,
10/4/2019 3:00,12.9,,,
10/5/2019 3:00,9.7,,,
10/6/2019 3:00,19.4,,,
10/7/2019 3:00,0,,,
10/8/2019 3:00,0.1,,,
10/9/2019 3:00,0,,,
10/10/2019 3:00,0,,,
10/11/2019 3:00,0.6,,,
10/12/2019 3:00,0,,,
10/13/2019 3:00,0,,,
10/14/2019 3:00,0,,,
10/15/2019 3:00,0,,,
10/16/2019 3:00,0,,,
10/17/2019 3:00,0,,,
10/18/2019 3:00,0,,,
10/19/2019 3:00,0,,,
10/20/2019 3:00,0,,,
10/21/2019 3:00,0,,,
10/22/2019 3:00,0,,,
10/23/2019 3:00,0,,,
10/24/2019 3:00,0,,,
10/25/2019 3:00,0,,,
10/26/2019 3:00,0,,,
10/27/2019 3:00,0,,,
10/28/2019 3:00,0,,,
10/29/2019 3:00,0,,,
10/30/2019 3:00,0,,,
10/31/2019 3:00,0,,,
11/1/2019 3:00,0,,,
11/2/2019 3:00,0,,,
11/3/2019 3:00,0,,,
11/4/2019 3:00,0,,,
11/5/2019 3:00,0,,,
11/6/2019 3:00,0,,,
11/7/2019 3:00,0,,,
11/8/2019 3:00,0,,,
11/9/2019 3:00,0,,,
11/10/2019 3:00,0,,,
11/11/2019 3:00,0,,,
11/12/2019 3:00,0,,,
11/13/2019 3:00,0,,,
11/14/2019 3:00,0,,,
11/15/2019 3:00,0,,,
11/16/2019 3:00,0,,,
11/17/2019 3:00,0,,,
11/18/2019 3:00,0,,,
11/19/2019 3:00,0,,,
11/20/2019 3:00,0,,,
11/21/2019 3:00,0,,,
11/22/2019 3:00,0,,,
11/23/2019 3:00,0,,,
11/24/2019 3:00,0,,,
11/25/2019 3:00,0,,,
11/26/2019 3:00,0,,,
11/27/2019 3:00,0,,,
11/28/2019 3:00,0,,,
11/29/2019 3:00,0,,,
11/30/2019 3:00,0,,,
12/1/2019 3:00,0,,,
12/2/2019 3:00,0,,,
12/3/2019 3:00,0,,,
12/4/2019 3:00,0,,,
12/5/2019 3:00,0,,,
12/6/2019 3:00,0,,,
12/7/2019 3:00,0,,,
12/8/2019 3:00,0,,,
12/9/2019 3:00,0,,,
12/10/2019 3:00,0,,,
12/11/2019 3:00,0,,,
12/12/2019 3:00,0,,,
12/13/2019 3:00,0,,,
12/14/2019 3:00,2.5,,,
12/15/2019 3:00,0,,,
12/16/2019 3:00,0,,,
12/17/2019 3:00,0,,,
12/18/2019 3:00,0,,,
12/19/2019 3:00,0,,,
12/20/2019 3:00,0,,,
12/21/2019 3:00,0,,,
12/22/2019 3:00,0,,,
12/23/2019 3:00,0,,,
12/24/2019 3:00,0,,,
12/25/2019 3:00,0,,,
12/26/2019 3:00,0,,,
12/27/2019 3:00,0,,,
12/28/2019 3:00,0,,,
12/29/2019 3:00,0,,,
12/30/2019 3:00,0,,,
12/31/2019 3:00,0,,,
1/1/2020 3:00,0,,,
1/2/2020 3:00,0,,,
1/3/2020 3:00,0,,,
1/4/2020 3:00,12,,,
1/5/2020 3:00,0,,,
1/6/2020 3:00,0,,,
1/7/2020 3:00,0,,,
1/8/2020 3:00,0,,,
1/9/2020 3:00,0,,,
1/10/2020 3:00,0,,,
1/11/2020 3:00,0,,,
1/12/2020 3:00,0,,,
1/13/2020 3:00,0,,,
1/14/2020 3:00,0,,,
1/15/2020 3:00,0,,,
1/16/2020 3:00,0,,,
1/17/2020 3:00,0,,,
1/18/2020 3:00,3.7,,,
1/19/2020 3:00,0,,,
1/20/2020 3:00,0,,,
1/21/2020 3:00,0,,,
1/22/2020 3:00,0,,,
1/23/2020 3:00,0,,,
1/24/2020 3:00,0,,,
1/25/2020 3:00,0,,,
1/26/2020 3:00,0,,,
1/27/2020 3:00,0,,,
1/28/2020 3:00,0,,,
1/29/2020 3:00,0,,,
1/30/2020 3:00,0,,,
1/31/2020 3:00,0,,,
2/1/2020 3:00,0,,,
2/2/2020 3:00,0,,,
2/3/2020 3:00,0,,,
2/4/2020 3:00,0,,,
2/5/2020 3:00,0,,,
2/6/2020 3:00,0,,,
2/7/2020 3:00,0,,,
2/8/2020 3:00,0,,,
2/9/2020 3:00,0,,,
2/10/2020 3:00,0,,,
2/11/2020 3:00,0,,,
2/12/2020 3:00,0,,,
2/13/2020 3:00,0,,,
2/14/2020 3:00,0,,,
2/15/2020 3:00,0,,,
2/16/2020 3:00,0,,,
2/17/2020 3:00,0,,,
2/18/2020 3:00,0,,,
2/19/2020 3:00,0,,,
2/20/2020 3:00,0,,,
2/21/2020 3:00,0,,,
2/22/2020 3:00,0,,,
2/23/2020 3:00,0,,,
2/24/2020 3:00,0,,,
2/25/2020 3:00,11.7,,,
2/26/2020 3:00,7.6,,,
2/27/2020 3:00,0.1,,,
2/28/2020 3:00,0,,,
2/29/2020 3:00,0,,,
3/1/2020 3:00,0,,,
3/2/2020 3:00,0,,,
3/3/2020 3:00,0,,,
3/4/2020 3:00,0,,,
3/5/2020 3:00,0,,,
3/6/2020 3:00,31.6,,,
3/7/2020 3:00,1.1,,,
3/8/2020 3:00,5.3,,,
3/9/2020 3:00,0,,,
3/10/2020 3:00,0,,,
3/11/2020 3:00,0,,,
3/12/2020 3:00,0,,,
3/13/2020 3:00,0,,,
3/14/2020 3:00,0,,,
3/15/2020 3:00,0,,,
3/16/2020 3:00,0,,,
3/17/2020 3:00,0,,,
3/18/2020 3:00,0,,,
3/19/2020 3:00,0,,,
3/20/2020 3:00,0,,,
3/21/2020 3:00,7.4,,,
3/22/2020 3:00,0.9,,,
3/23/2020 3:00,4.4,,,
3/24/2020 3:00,0,,,
3/25/2020 3:00,4.8,,,
3/26/2020 3:00,0,,,
3/27/2020 3:00,0,,,
3/28/2020 3:00,0,,,
3/29/2020 3:00,0,,,
3/30/2020 3:00,0,,,
3/31/2020 3:00,0,,,
4/1/2020 3:00,0,,,
4/2/2020 3:00,0,,,
4/3/2020 3:00,0,,,
4/4/2020 3:00,0,,,
4/5/2020 3:00,0,,,
4/6/2020 3:00,0,,,
4/7/2020 3:00,0,,,
4/8/2020 3:00,0,,,
4/9/2020 3:00,0,,,
4/10/2020 3:00,4.1,,,
4/11/2020 3:00,0,,,
4/12/2020 3:00,4.3,,,
4/13/2020 3:00,0,,,
4/14/2020 3:00,0,,,
4/15/2020 3:00,0,,,
4/16/2020 3:00,0,,,
4/17/2020 3:00,2.7,,,
4/18/2020 3:00,3.7,,,
4/19/2020 3:00,7,,,
4/20/2020 3:00,2.3,,,
4/21/2020 3:00,12.5,,,
4/22/2020 3:00,13.9,,,
4/23/2020 3:00,11.8,,,
4/24/2020 3:00,2.3,,,
4/25/2020 3:00,0,,,
4/26/2020 3:00,0,,,
4/27/2020 3:00,0,,,
4/28/2020 3:00,6.7,,,
4/29/2020 3:00,0,,,
4/30/2020 3:00,0,,,
5/1/2020 3:00,17.1,,,
5/2/2020 3:00,25.9,,,
5/3/2020 3:00,4.9,,,
5/4/2020 3:00,0,,,
5/5/2020 3:00,0,,,
5/6/2020 3:00,1.9,,,
5/7/2020 3:00,1.7,,,
5/8/2020 3:00,4.1,,,
5/9/2020 3:00,0,,,
5/10/2020 3:00,0,,,
5/11/2020 3:00,0,,,
5/12/2020 3:00,0,,,
5/13/2020 3:00,0,,,
5/14/2020 3:00,4.2,,,
5/15/2020 3:00,5.5,,,
5/16/2020 3:00,21.5,,,
5/17/2020 3:00,7.3,,,
5/18/2020 3:00,0,,,
5/19/2020 3:00,0,,,
5/20/2020 3:00,0,,,
5/21/2020 3:00,5.2,,,
5/22/2020 3:00,3.6,,,
5/23/2020 3:00,0,,,
5/24/2020 3:00,2.7,,,
5/25/2020 3:00,17.8,,,
5/26/2020 3:00,5.5,,,
5/27/2020 3:00,1.7,,,
5/28/2020 3:00,9.7,,,
5/29/2020 3:00,0,,,
5/30/2020 3:00,2.6,,,
5/31/2020 3:00,32.2,,,
6/1/2020 3:00,1.7,,,
6/2/2020 3:00,1.5,,,
6/3/2020 3:00,0,,,
6/4/2020 3:00,0,,,
6/5/2020 3:00,2.4,,,
6/6/2020 3:00,11.2,,,
6/7/2020 3:00,2,,,
6/8/2020 3:00,0,,,
6/9/2020 3:00,0,,,
6/10/2020 3:00,10.2,,,
6/11/2020 3:00,28.5,,,
6/12/2020 3:00,121.8,,,
6/13/2020 3:00,15.4,,,
6/14/2020 3:00,0,,,
6/15/2020 3:00,4.5,,,
6/16/2020 3:00,54.5,,,
6/17/2020 3:00,1.7,,,
6/18/2020 3:00,5.1,,,
6/19/2020 3:00,4.4,,,
6/20/2020 3:00,1.6,,,
6/21/2020 3:00,35.7,,,
6/22/2020 3:00,17.4,,,
6/23/2020 3:00,32.3,,,
6/24/2020 3:00,1.1,,,
6/25/2020 3:00,14.3,,,
6/26/2020 3:00,26.4,,,
6/27/2020 3:00,62,,,
6/28/2020 3:00,12.3,,,
6/29/2020 3:00,1.6,,,
6/30/2020 3:00,4.3,,,
7/1/2020 3:00,21.8,,,
7/2/2020 3:00,14.5,,,
7/3/2020 3:00,0,,,
7/4/2020 3:00,34.1,,,
7/5/2020 3:00,4.2,,,
7/6/2020 3:00,4.5,,,
7/7/2020 3:00,6.7,,,
7/8/2020 3:00,0,,,
7/9/2020 3:00,33.2,,,
7/10/2020 3:00,50.5,,,
7/11/2020 3:00,25.8,,,
7/12/2020 3:00,181.3,,,
7/13/2020 3:00,7.9,,,
7/14/2020 3:00,0,,,
7/15/2020 3:00,12.2,,,
7/16/2020 3:00,24.9,,,
7/17/2020 3:00,0.9,,,
7/18/2020 3:00,0.01,,,
7/19/2020 3:00,2,,,
7/20/2020 3:00,54,,,
7/21/2020 3:00,52,,,
7/22/2020 3:00,2.1,,,
7/23/2020 3:00,2.7,,,
7/24/2020 3:00,3.4,,,
7/25/2020 3:00,3.9,,,
7/26/2020 3:00,0.01,,,
7/27/2020 3:00,53.2,,,
7/28/2020 3:00,120.1,,,
7/29/2020 3:00,6.9,,,
7/30/2020 3:00,1.6,,,
7/31/2020 3:00,3.5,,,
8/1/2020 3:00,17.2,,,
8/2/2020 3:00,0.2,,,
8/3/2020 3:00,0.1,,,
8/4/2020 3:00,0,,,
8/5/2020 3:00,62.9,,,
8/6/2020 3:00,15.6,,,
8/7/2020 3:00,25.3,,,
8/8/2020 3:00,3.8,,,
8/9/2020 3:00,0.8,,,
8/10/2020 3:00,34.9,,,
8/11/2020 3:00,6.8,,,
8/12/2020 3:00,0.5,,,
8/13/2020 3:00,1,,,
8/14/2020 3:00,7.4,,,
8/15/2020 3:00,4,,,
8/16/2020 3:00,9,,,
8/17/2020 3:00,0.5,,,
8/18/2020 3:00,0.1,,,
8/19/2020 3:00,0,,,
8/20/2020 3:00,2.3,,,
8/21/2020 3:00,0.8,,,
8/22/2020 3:00,3,,,
8/23/2020 3:00,25.7,,,
8/24/2020 3:00,1,,,
8/25/2020 3:00,5.5,,,
8/26/2020 3:00,88.3,,,
8/27/2020 3:00,1.7,,,
8/28/2020 3:00,15.3,,,
8/29/2020 3:00,0.01,,,
8/30/2020 3:00,24,,,
8/31/2020 3:00,24.5,,,
9/1/2020 3:00,17.7,,,
9/2/2020 3:00,0.2,,,
9/3/2020 3:00,0.1,,,
9/4/2020 3:00,0.1,,,
9/5/2020 3:00,10,,,
9/6/2020 3:00,3.4,,,
9/7/2020 3:00,121.7,,,
9/8/2020 3:00,59.6,,,
9/9/2020 3:00,21.6,,,
9/10/2020 3:00,10.3,,,
9/11/2020 3:00,2.9,,,
9/12/2020 3:00,0,,,
9/13/2020 3:00,0.2,,,
9/14/2020 3:00,37.7,,,
9/15/2020 3:00,51.3,,,
9/16/2020 3:00,14.5,,,
9/17/2020 3:00,34.7,,,
9/18/2020 3:00,6.2,,,
9/19/2020 3:00,1.3,,,
9/20/2020 3:00,0,,,
9/21/2020 3:00,2.2,,,
9/22/2020 3:00,4.1,,,
9/23/2020 3:00,26.1,,,
9/24/2020 3:00,30.4,,,
9/25/2020 3:00,32.3,,,
9/26/2020 3:00,58.8,,,
9/27/2020 3:00,10.4,,,
9/28/2020 3:00,0,,,
9/29/2020 3:00,0,,,
9/30/2020 3:00,30,,,
10/1/2020 3:00,0,,,
10/2/2020 3:00,0,,,
10/3/2020 3:00,0,,,
10/4/2020 3:00,0.1,,,
10/5/2020 3:00,23.3,,,
10/6/2020 3:00,2,,,
10/7/2020 3:00,0,,,
10/8/2020 3:00,0,,,
10/9/2020 3:00,0,,,
10/10/2020 3:00,0,,,
10/11/2020 3:00,0,,,
10/12/2020 3:00,0,,,
10/13/2020 3:00,0,,,
10/14/2020 3:00,0,,,
10/15/2020 3:00,0,,,
10/16/2020 3:00,0,,,
10/17/2020 3:00,0,,,
10/18/2020 3:00,0,,,
10/19/2020 3:00,0,,,
10/20/2020 3:00,0,,,
10/21/2020 3:00,0,,,
10/22/2020 3:00,0,,,
10/23/2020 3:00,0,,,
10/24/2020 3:00,0,,,
10/25/2020 3:00,5.6,,,
10/26/2020 3:00,0.9,,,
10/27/2020 3:00,0.6,,,
10/28/2020 3:00,0,,,
10/29/2020 3:00,0,,,
10/30/2020 3:00,0,,,
10/31/2020 3:00,0,,,
11/1/2020 3:00,0,,,
11/2/2020 3:00,0,,,
11/3/2020 3:00,0,,,
11/4/2020 3:00,0,,,
11/5/2020 3:00,0,,,
11/6/2020 3:00,0,,,
11/7/2020 3:00,0,,,
11/8/2020 3:00,0,,,
11/9/2020 3:00,0,,,
11/10/2020 3:00,0,,,
11/11/2020 3:00,0,,,
11/12/2020 3:00,0,,,
11/13/2020 3:00,0,,,
11/14/2020 3:00,0,,,
11/15/2020 3:00,0,,,
11/16/2020 3:00,0,,,
11/17/2020 3:00,0,,,
11/18/2020 3:00,0,,,
11/19/2020 3:00,0,,,
11/20/2020 3:00,0,,,
11/21/2020 3:00,0,,,
11/22/2020 3:00,0,,,
11/23/2020 3:00,0,,,
11/24/2020 3:00,0,,,
11/25/2020 3:00,0,,,
11/26/2020 3:00,0,,,
11/27/2020 3:00,0,,,
11/28/2020 3:00,0,,,
11/29/2020 3:00,0,,,
11/30/2020 3:00,0,,,
12/1/2020 3:00,0,,,
12/2/2020 3:00,0,,,
12/3/2020 3:00,0,,,
12/4/2020 3:00,0,,,
12/5/2020 3:00,0,,,
12/6/2020 3:00,0,,,
12/7/2020 3:00,7.7,,,
12/8/2020 3:00,0,,,
12/9/2020 3:00,0,,,
12/10/2020 3:00,0,,,
12/11/2020 3:00,0,,,
12/12/2020 3:00,0,,,
12/13/2020 3:00,0,,,
12/14/2020 3:00,0,,,
12/15/2020 3:00,0,,,
12/16/2020 3:00,0,,,
12/17/2020 3:00,0,,,
12/18/2020 3:00,0,,,
12/19/2020 3:00,0,,,
12/20/2020 3:00,0,,,
12/21/2020 3:00,0,,,
12/22/2020 3:00,0,,,
12/23/2020 3:00,0,,,
12/24/2020 3:00,0,,,
12/25/2020 3:00,0,,,
12/26/2020 3:00,0,,,
12/27/2020 3:00,0,,,
12/28/2020 3:00,0,,,
12/29/2020 3:00,0,,,
12/30/2020 3:00,0,,,
12/31/2020 3:00,0,,,
1/1/2021 3:00,0,,,
1/2/2021 3:00,0,,,
1/3/2021 3:00,0,,,
1/4/2021 3:00,0,,,
1/5/2021 3:00,0,,,
1/6/2021 3:00,0,,,
1/7/2021 3:00,0,,,
1/8/2021 3:00,0,,,
1/9/2021 3:00,0,,,
1/10/2021 3:00,0,,,
1/11/2021 3:00,0,,,
1/12/2021 3:00,0,,,
1/13/2021 3:00,0,,,
1/14/2021 3:00,0,,,
1/15/2021 3:00,0,,,
1/16/2021 3:00,0,,,
1/17/2021 3:00,0,,,
1/18/2021 3:00,0,,,
1/19/2021 3:00,0,,,
1/20/2021 3:00,0,,,
1/21/2021 3:00,0,,,
1/22/2021 3:00,0.01,,,
1/23/2021 3:00,0,,,
1/24/2021 3:00,0,,,
1/25/2021 3:00,0,,,
1/26/2021 3:00,0,,,
1/27/2021 3:00,0,,,
1/28/2021 3:00,0,,,
1/29/2021 3:00,0,,,
1/30/2021 3:00,0,,,
1/31/2021 3:00,0,,,
2/1/2021 3:00,0,,,
2/2/2021 3:00,0,,,
2/3/2021 3:00,0,,,
2/4/2021 3:00,0,,,
2/5/2021 3:00,0,,,
2/6/2021 3:00,0,,,
2/7/2021 3:00,0,,,
2/8/2021 3:00,0,,,
2/9/2021 3:00,0,,,
2/10/2021 3:00,0,,,
2/11/2021 3:00,0,,,
2/12/2021 3:00,0,,,
2/13/2021 3:00,0,,,
2/14/2021 3:00,0,,,
2/15/2021 3:00,0,,,
2/16/2021 3:00,0,,,
2/17/2021 3:00,0,,,
2/18/2021 3:00,0,,,
2/19/2021 3:00,0,,,
2/20/2021 3:00,0,,,
2/21/2021 3:00,0,,,
2/22/2021 3:00,0,,,
2/23/2021 3:00,0,,,
2/24/2021 3:00,0,,,
2/25/2021 3:00,0,,,
2/26/2021 3:00,0,,,
2/27/2021 3:00,4.4,,,
2/28/2021 3:00,0.5,,,
3/1/2021 3:00,12.4,,,
3/2/2021 3:00,0,,,
3/3/2021 3:00,0,,,
3/4/2021 3:00,0,,,
3/5/2021 3:00,0,,,
3/6/2021 3:00,0,,,
3/7/2021 3:00,0.01,,,
3/8/2021 3:00,0,,,
3/9/2021 3:00,0,,,
3/10/2021 3:00,0,,,
3/11/2021 3:00,20.4,,,
3/12/2021 3:00,0,,,
3/13/2021 3:00,0,,,
3/14/2021 3:00,0.01,,,
3/15/2021 3:00,0.01,,,
3/16/2021 3:00,0,,,
3/17/2021 3:00,0,,,
3/18/2021 3:00,0,,,
3/19/2021 3:00,0,,,
3/20/2021 3:00,0,,,
3/21/2021 3:00,0,,,
3/22/2021 3:00,0,,,
3/23/2021 3:00,0,,,
3/24/2021 3:00,0,,,
3/25/2021 3:00,0,,,
3/26/2021 3:00,0,,,
3/27/2021 3:00,0,,,
3/28/2021 3:00,0,,,
3/29/2021 3:00,0,,,
3/30/2021 3:00,0.01,,,
3/31/2021 3:00,0,,,
4/1/2021 3:00,0,,,
4/2/2021 3:00,0,,,
4/3/2021 3:00,0,,,
4/4/2021 3:00,0,,,
4/5/2021 3:00,0,,,
4/6/2021 3:00,0,,,
4/7/2021 3:00,0,,,
4/8/2021 3:00,0,,,
4/9/2021 3:00,0.4,,,
4/10/2021 3:00,0,,,
4/11/2021 3:00,0,,,
4/12/2021 3:00,0,,,
4/13/2021 3:00,0,,,
4/14/2021 3:00,0,,,
4/15/2021 3:00,0,,,
4/16/2021 3:00,6.1,,,
4/17/2021 3:00,0.01,,,
4/18/2021 3:00,0.01,,,
4/19/2021 3:00,0,,,
4/20/2021 3:00,0,,,
4/21/2021 3:00,0,,,
4/22/2021 3:00,0.4,,,
4/23/2021 3:00,14.1,,,
4/24/2021 3:00,0,,,
4/25/2021 3:00,0,,,
4/26/2021 3:00,0,,,
4/27/2021 3:00,0,,,
4/28/2021 3:00,0,,,
4/29/2021 3:00,0,,,
4/30/2021 3:00,0.01,,,
5/1/2021 3:00,3.7,,,
5/2/2021 3:00,4.5,,,
5/3/2021 3:00,0.3,,,
5/4/2021 3:00,22.9,,,
5/5/2021 3:00,1.5,,,
5/6/2021 3:00,5.4,,,
5/7/2021 3:00,6.2,,,
5/8/2021 3:00,10.6,,,
5/9/2021 3:00,2.3,,,
5/10/2021 3:00,0,,,
5/11/2021 3:00,2.3,,,
5/12/2021 3:00,0.4,,,
5/13/2021 3:00,4.9,,,
5/14/2021 3:00,1.2,,,
5/15/2021 3:00,1.3,,,
5/16/2021 3:00,0,,,
5/17/2021 3:00,1.7,,,
5/18/2021 3:00,0,,,
5/19/2021 3:00,0,,,
5/20/2021 3:00,0.2,,,
5/21/2021 3:00,7,,,
5/22/2021 3:00,2,,,
5/23/2021 3:00,0,,,
5/24/2021 3:00,0,,,
5/25/2021 3:00,7,,,
5/26/2021 3:00,2.9,,,
5/27/2021 3:00,4.4,,,
5/28/2021 3:00,18.4,,,
5/29/2021 3:00,56,,,
5/30/2021 3:00,2.2,,,
5/31/2021 3:00,1,,,
6/1/2021 3:00,1.3,,,
6/2/2021 3:00,7,,,
6/3/2021 3:00,0,,,
6/4/2021 3:00,0,,,
6/5/2021 3:00,7.9,,,
6/6/2021 3:00,7,,,
6/7/2021 3:00,33.8,,,
6/8/2021 3:00,5.3,,,
6/9/2021 3:00,2.7,,,
6/10/2021 3:00,0.01,,,
6/11/2021 3:00,0,,,
6/12/2021 3:00,9,,,
6/13/2021 3:00,0.9,,,
6/14/2021 3:00,5.9,,,
6/15/2021 3:00,2.5,,,
6/16/2021 3:00,36,,,
6/17/2021 3:00,7,,,
6/18/2021 3:00,3.1,,,
6/19/2021 3:00,0.8,,,
6/20/2021 3:00,2.9,,,
6/21/2021 3:00,0.8,,,
6/22/2021 3:00,0.5,,,
6/23/2021 3:00,23.9,,,
6/24/2021 3:00,0,,,
6/25/2021 3:00,30.2,,,
6/26/2021 3:00,31.7,,,
6/27/2021 3:00,1.9,,,
6/28/2021 3:00,4,,,
6/29/2021 3:00,0.01,,,
6/30/2021 3:00,54.8,,,
7/1/2021 3:00,56.3,,,
7/2/2021 3:00,49,,,
7/3/2021 3:00,130.2,,,
7/4/2021 3:00,10.4,,,
7/5/2021 3:00,0.01,,,
7/6/2021 3:00,5.4,,,
7/7/2021 3:00,3.9,,,
7/8/2021 3:00,73.5,,,
7/9/2021 3:00,0.3,,,
7/10/2021 3:00,0.3,,,
7/11/2021 3:00,5.5,,,
7/12/2021 3:00,4.7,,,
7/13/2021 3:00,0,,,
7/14/2021 3:00,40.6,,,
7/15/2021 3:00,0.9,,,
7/16/2021 3:00,19.5,,,
7/17/2021 3:00,24.9,,,
7/18/2021 3:00,8.1,,,
7/19/2021 3:00,24.6,,,
7/20/2021 3:00,2.6,,,
7/21/2021 3:00,79.9,,,
7/22/2021 3:00,18.6,,,
7/23/2021 3:00,0.01,,,
7/24/2021 3:00,6,,,
7/25/2021 3:00,4.8,,,
7/26/2021 3:00,0,,,
7/27/2021 3:00,12.7,,,
7/28/2021 3:00,0.2,,,
7/29/2021 3:00,0.4,,,
7/30/2021 3:00,9.1,,,
7/31/2021 3:00,4.1,,,
8/1/2021 3:00,3.4,,,
8/2/2021 3:00,14.2,,,
8/3/2021 3:00,26.6,,,
8/4/2021 3:00,30,,,
8/5/2021 3:00,0,,,
8/6/2021 3:00,0,,,
8/7/2021 3:00,5.7,,,
8/8/2021 3:00,17.8,,,
8/9/2021 3:00,2.6,,,
8/10/2021 3:00,1.9,,,
8/11/2021 3:00,0.2,,,
8/12/2021 3:00,12.1,,,
8/13/2021 3:00,0.1,,,
8/14/2021 3:00,6.5,,,
8/15/2021 3:00,0.2,,,
8/16/2021 3:00,29.4,,,
8/17/2021 3:00,14,,,
8/18/2021 3:00,0,,,
8/19/2021 3:00,39.5,,,
8/20/2021 3:00,7.8,,,
8/21/2021 3:00,46.7,,,
8/22/2021 3:00,3.7,,,
8/23/2021 3:00,22.5,,,
8/24/2021 3:00,46.7,,,
8/25/2021 3:00,0,,,
8/26/2021 3:00,3.2,,,
8/27/2021 3:00,9.4,,,
8/28/2021 3:00,65.3,,,
8/29/2021 3:00,0.1,,,
8/30/2021 3:00,3.2,,,
8/31/2021 3:00,23.6,,,
9/1/2021 3:00,3.8,,,
9/2/2021 3:00,76,,,
9/3/2021 3:00,4.4,,,
9/4/2021 3:00,1.9,,,
9/5/2021 3:00,0,,,
9/6/2021 3:00,0.1,,,
9/7/2021 3:00,1,,,
9/8/2021 3:00,0,,,
9/9/2021 3:00,22.7,,,
9/10/2021 3:00,3,,,
9/11/2021 3:00,0.01,,,
9/12/2021 3:00,0,,,
9/13/2021 3:00,0,,,
9/14/2021 3:00,19.5,,,
9/15/2021 3:00,9.2,,,
9/16/2021 3:00,0.1,,,
9/17/2021 3:00,0,,,
9/18/2021 3:00,0,,,
9/19/2021 3:00,14,,,
9/20/2021 3:00,0.1,,,
9/21/2021 3:00,0.3,,,
9/22/2021 3:00,49.5,,,
9/23/2021 3:00,3.7,,,
9/24/2021 3:00,0,,,
9/25/2021 3:00,0,,,
9/26/2021 3:00,0,,,
9/27/2021 3:00,10.3,,,
9/28/2021 3:00,18.1,,,
9/29/2021 3:00,0.2,,,
9/30/2021 3:00,0.01,,,
10/1/2021 3:00,0.01,,,
10/2/2021 3:00,7.9,,,
10/3/2021 3:00,42.2,,,
10/4/2021 3:00,0.8,,,
10/5/2021 3:00,71.4,,,
10/6/2021 3:00,11.2,,,
10/7/2021 3:00,5.3,,,
10/8/2021 3:00,1.2,,,
10/9/2021 3:00,10.1,,,
10/10/2021 3:00,0,,,
10/11/2021 3:00,0,,,
10/12/2021 3:00,0,,,
10/13/2021 3:00,0,,,
10/14/2021 3:00,0,,,
10/15/2021 3:00,0,,,
10/16/2021 3:00,0,,,
10/17/2021 3:00,12.4,,,
10/18/2021 3:00,1.2,,,
10/19/2021 3:00,58.4,,,
10/20/2021 3:00,269.9,,,
10/21/2021 3:00,0.2,,,
10/22/2021 3:00,0.3,,,
10/23/2021 3:00,3.4,,,
10/24/2021 3:00,0,,,
10/25/2021 3:00,0,,,
10/26/2021 3:00,0,,,
10/27/2021 3:00,0,,,
10/28/2021 3:00,0,,,
10/29/2021 3:00,0,,,
10/30/2021 3:00,0,,,
10/31/2021 3:00,0,,,
11/1/2021 3:00,0,,,
11/2/2021 3:00,0,,,
11/3/2021 3:00,0,,,
11/4/2021 3:00,0,,,
11/5/2021 3:00,0,,,
11/6/2021 3:00,0,,,
11/7/2021 3:00,0,,,
11/8/2021 3:00,0,,,
11/9/2021 3:00,0,,,
11/10/2021 3:00,0,,,
11/11/2021 3:00,0,,,
11/12/2021 3:00,0,,,
11/13/2021 3:00,0,,,
11/14/2021 3:00,0,,,
11/15/2021 3:00,0,,,
11/16/2021 3:00,0,,,
11/17/2021 3:00,0,,,
11/18/2021 3:00,0,,,
11/19/2021 3:00,0,,,
11/20/2021 3:00,0,,,
11/21/2021 3:00,0,,,
11/22/2021 3:00,0,,,
11/23/2021 3:00,0,,,
11/24/2021 3:00,0,,,
11/25/2021 3:00,0,,,
11/26/2021 3:00,0,,,
11/27/2021 3:00,0.01,,,
11/28/2021 3:00,0,,,
11/29/2021 3:00,0,,,
11/30/2021 3:00,0,,,
12/1/2021 3:00,0,,,
12/2/2021 3:00,0,,,
12/3/2021 3:00,0,,,
12/4/2021 3:00,0,,,
12/5/2021 3:00,0,,,
12/6/2021 3:00,0,,,
12/7/2021 3:00,0,,,
12/8/2021 3:00,0,,,
12/9/2021 3:00,0,,,
12/10/2021 3:00,0,,,
12/11/2021 3:00,0,,,
12/12/2021 3:00,0,,,
12/13/2021 3:00,0,,,
12/14/2021 3:00,0,,,
12/15/2021 3:00,0,,,
12/16/2021 3:00,0,,,
12/17/2021 3:00,0,,,
12/18/2021 3:00,0,,,
12/19/2021 3:00,0,,,
12/20/2021 3:00,0,,,
12/21/2021 3:00,0,,,
12/22/2021 3:00,0,,,
12/23/2021 3:00,0,,,
12/24/2021 3:00,0,,,
12/25/2021 3:00,0,,,
12/26/2021 3:00,0,,,
12/27/2021 3:00,0,,,
12/28/2021 3:00,0,,,
12/29/2021 3:00,0.1,,,
12/30/2021 3:00,5.7,,,
12/31/2021 3:00,0,,,
12/31/2021 23:59, ,,,
